Typ;Artikelnummer;Menge;Bezeichnung
--- HAUPTPRODUKTE ---
;2236 631.100.000;1;Waschtischmöbel Alterna zero plus, Breite 96,6 cm, Höhe 35 cm, Tiefe 48,2 cm, 2 Schubladen, , Weiss
;
;2236 538.100.000;1;Waschtischmöbel Alterna zero plus, Breite 71,6 cm, Höhe 52,5 cm, Tiefe 48,2 cm, 2 Schubladen, , Weiss
;
;2234 132.100.000;1;Waschtischmöbel Alterna elena plus, Breite 56,4 cm, Höhe 40 cm, Tiefe 45 cm, 1 Schublade, Tip-on, , Weiss
;
;2234 334.100.000;1;Waschtischmöbel Alterna elena plus, Breite 116,4 cm, Höhe 45 cm, Tiefe 45 cm, 4 Schubladen, Tip-on,, Weiss
;
;2236 655.100.000;1;Waschtischmöbel Alterna zero plus, Breite 146,6 cm, Höhe 35 cm, Tiefe 48,2 cm, 2 Schubladen, , Weiss
;
;2234 022.100.000;1;Waschtischmöbel Alterna elena plus, Lackiert matt, Breite 118,4 cm, Höhe 41 cm, Tiefe 47,2 cm, 1 , Weiss
;
;2232 525.100.000;1;Waschtischmöbel Alterna logica plus, Breite 96,4 cm, Höhe 40,2 cm, Tiefe 48,2 cm, 1 Schublade , Weiss
;
;2234 214.100.000;1;Waschtischmöbel Alterna elena plus, Breite 116,4 cm, Höhe 45 cm, Tiefe 45 cm, 4 Schubladen, Tip-on,, Weiss
;
;2232 539.100.000;1;Waschtischmöbel Alterna logica plus, Breite 96,4 cm, Höhe 40,2 cm, Tiefe 48,2 cm, 1 Schublade , Weiss
;
;2232 564.100.000;1;Waschtischmöbel Alterna logica plus, Breite 146,4 cm, Höhe 40,2 cm, Tiefe 48,2 cm, 1 Schublade , Weiss
;
;2110 435.100.000;1;Waschtischmöbel Alterna dinea plus, Breite 118,4 cm, Höhe 55 cm, Tiefe 45,1 cm, 2 Schubladen, , Weiss
;
;2236 535.100.000;1;Waschtischmöbel Alterna zero plus, Breite 71,6 cm, Höhe 52,5 cm, Tiefe 48,2 cm, 2 Schubladen, , Weiss
;
;2232 537.100.000;1;Waschtischmöbel Alterna logica plus, Breite 96,4 cm, Höhe 40,2 cm, Tiefe 48,2 cm, 1 Schublade , Weiss
;
;2232 550.100.000;1;Waschtischmöbel Alterna logica plus, Breite 121,4 cm, Höhe 40,2 cm, Tiefe 48,2 cm, 1 Schublade , Weiss
;
;2231 917.100.000;1;Waschtischmöbel Alterna elena guest plus, Breite 48,3 cm, Höhe 55 cm, Tiefe 24,1 cm, 1 Türe, Band , Weiss
;
;2234 323.100.000;1;Waschtischmöbel Alterna elena plus, Breite 116,4 cm, Höhe 40 cm, Tiefe 45 cm, 1 Schublade, 1 , Weiss
;
;2234 171.100.000;1;Waschtischmöbel Alterna elena plus, Breite 96,4 cm, Höhe 40 cm, Tiefe 45 cm, 1 Schublade, 1 , Weiss
;
;2236 601.100.000;1;Waschtischmöbel Alterna zero plus, Breite 46,6 cm, Höhe 35 cm, Tiefe 48,2 cm, 1 Schublade, , Weiss
;
;2236 284.100.000;1;Seitenschrank Alterna universale plus, Breite 35,2 cm, Höhe 102 cm, Tiefe 30,2 cm, 1 Türe, , Weiss
;
;2110 219.100.000;1;Waschtischmöbel Alterna calea plus, Breite 116,6 cm, Höhe 35 cm, Tiefe 45 cm, 2 Schubladen, , Weiss
;
;2236 537.100.000;1;Waschtischmöbel Alterna zero plus, Breite 71,6 cm, Höhe 52,5 cm, Tiefe 48,2 cm, 2 Schubladen, , Weiss
;
;2236 657.100.000;1;Waschtischmöbel Alterna zero plus, Breite 146,6 cm, Höhe 35 cm, Tiefe 48,2 cm, 3 Schubladen, , Weiss
;
;2234 025.100.000;1;Waschtischmöbel Alterna elena plus, Lackiert matt, Breite 118,4 cm, Höhe 41 cm, Tiefe 47,2 cm, 2 , Weiss
;
;2234 170.100.000;1;Waschtischmöbel Alterna elena plus, Breite 76,4 cm, Höhe 40 cm, Tiefe 45 cm, 1 Schublade, 1 , Weiss
;
;2234 263.100.000;1;Waschtischmöbel Alterna elena plus, Breite 116,4 cm, Höhe 40 cm, Tiefe 45 cm, 1 Schublade, 1 , Weiss
;
;2211 402.100.000;1;Wandbecken Alterna primo round, 40 x 34,5 cm, Armaturenloch, mit Überlauf, Weiss
;
;2110 433.100.000;1;Waschtischmöbel Alterna dinea plus, Breite 98,4 cm, Höhe 55 cm, Tiefe 45,1 cm, 2 Schubladen, , Weiss
;
;2116 225.100.000;1;Doppelwaschtisch Alterna cubito, 130 x 48,5 cm, mit 2 Armaturenlöcher, mit Überlauf, Weiss
;
;2234 158.100.000;1;Hochschrank Alterna elena plus, Breite 35 cm, Höhe 165 cm, Tiefe 30 cm, 1 Türe, Band umkehrbar, , Weiss
;
;2234 206.100.000;1;Waschtischmöbel Alterna elena plus, Breite 76,4 cm, Höhe 45 cm, Tiefe 45 cm, 2 Schubladen, Tip-on, , Weiss
;
;2234 274.100.000;1;Waschtischmöbel Alterna elena plus, Breite 116,4 cm, Höhe 45 cm, Tiefe 45 cm, 4 Schubladen, Tip-on,, Weiss
;
;2234 057.100.000;1;Hochschrank Alterna elena plus, Lackiert glanz, Breite 34,9 cm, Höhe 165 cm, Tiefe 31,7 cm, 1 Türe,, Weiss
;
;2232 552.100.000;1;Waschtischmöbel Alterna logica plus, Breite 121,4 cm, Höhe 40,2 cm, Tiefe 48,2 cm, 1 Schublade , Weiss
;
;2234 176.100.000;1;Waschtischmöbel Alterna elena plus, Breite 76,4 cm, Höhe 45 cm, Tiefe 45 cm, 2 Schubladen, Tip-on, , Weiss
;
;2234 112.100.000;1;Waschtischmöbel Alterna elena plus, Breite 116,4 cm, Höhe 40 cm, Tiefe 45 cm, 1 Schublade, 1 , Weiss
;
;2234 225.100.000;1;Waschtischmöbel Alterna elena plus, Breite 116,4 cm, Höhe 40 cm, Tiefe 45 cm, 1 Schublade, Tip-on, , Weiss
;
;2234 258.100.000;1;Waschtischmöbel Alterna elena plus, Breite 76,4 cm, Höhe 40 cm, Tiefe 45 cm, 1 Schublade, 1 , Weiss
;
;2234 236.100.000;1;Waschtischmöbel Alterna elena plus, Breite 76,4 cm, Höhe 45 cm, Tiefe 45 cm, 2 Schubladen, Tip-on, , Weiss
;
;2234 281.100.000;1;Waschtischmöbel Alterna elena plus, Breite 46,4 cm, Höhe 40 cm, Tiefe 45 cm, 1 Schublade, Tip-on, , Weiss
;
;2234 182.100.000;1;Waschtischmöbel Alterna elena plus, Breite 116,4 cm, Höhe 40 cm, Tiefe 45 cm, 2 Schubladen, Tip-on,, Weiss
;
;2110 212.100.000;1;Waschtischmöbel Alterna calea plus, Breite 76,6 cm, Höhe 35 cm, Tiefe 44,8 cm, 1 Schublade, , Weiss
;
;2236 528.100.000;1;Waschtischmöbel Alterna zero plus, Breite 56,6 cm, Höhe 52,5 cm, Tiefe 48,2 cm, 2 Schubladen, , Weiss
;
;2234 227.100.000;1;Waschtischmöbel Alterna elena plus, Breite 56,4 cm, Höhe 40 cm, Tiefe 45 cm, 1 Schublade, 1 , Weiss
;
;2234 106.100.000;1;Waschtischmöbel Alterna elena plus, Breite 46,4 cm, Höhe 40 cm, Tiefe 45 cm, 1 Schublade, 1 , Weiss
;
;2234 141.100.000;1;Waschtischmöbel Alterna elena plus, Breite 96,4 cm, Höhe 40 cm, Tiefe 45 cm, 1 Schublade, 1 , Weiss
;
;2234 144.100.000;1;Waschtischmöbel Alterna elena plus, Breite 46,4 cm, Höhe 45 cm, Tiefe 45 cm, 2 Schubladen, Tip-on, , Weiss
;
;2116 998.501.000;1;Handtuchreling Alterna modena S, zu 2116 907 / 908, Verchromt
;
;2110 427.100.000;1;Waschtischmöbel Alterna dinea plus, Breite 78,4 cm, Höhe 55 cm, Tiefe 45,1 cm, 2 Schubladen, , Weiss
;
;2234 033.100.000;1;Waschtischmöbel Alterna elena plus, Lackiert glanz, Breite 58,4 cm, Höhe 41 cm, Tiefe 47,2 cm, 1 , Weiss
;
;2233 193.501.000;1;Handtuchreling Catalano, zu 2233 102 / 103, Verchromt
;
;2116 428.100.000;1;Hochschrank Alterna universale slim, Breite 34,9 cm, Höhe 175 cm, Tiefe 30,4 cm, 2 Türen, , Weiss
;
;2236 617.100.000;1;Waschtischmöbel Alterna zero plus, Breite 71,6 cm, Höhe 35 cm, Tiefe 48,2 cm, 3 Schubladen, , Weiss
;
;2116 917.100.000;1;Klosettsitz Catalano, zu Zero, Sfera, Alterna modena S-Tec, mit Deckel, ohne Absenkautomatik, , Weiss
;
;2110 101.100.000;1;Waschtisch Alterna calea, 55 x 46 cm, Armaturenloch, mit Überlauf, Weiss
;
;2234 135.100.000;1;Waschtischmöbel Alterna elena plus, Breite 116,4 cm, Höhe 40 cm, Tiefe 45 cm, 1 Schublade, Tip-on, , Weiss
;
;2236 612.100.000;1;Waschtischmöbel Alterna zero plus, Breite 71,6 cm, Höhe 35 cm, Tiefe 48,2 cm, 2 Schubladen, , Weiss
;
;2211 404.100.000;1;Waschtisch Alterna primo round, ohne Armaturenloch, 56 x 45 cm, mit Überlauf, Weiss
;
;2234 204.100.000;1;Waschtischmöbel Alterna elena plus, Breite 46,4 cm, Höhe 45 cm, Tiefe 45 cm, 2 Schubladen, Tip-on, , Weiss
;
;2234 045.100.000;1;Waschtischmöbel Alterna elena plus, Lackiert glanz, Breite 98,4 cm, Höhe 41 cm, Tiefe 47,2 cm, 1 , Weiss
;
;2234 153.100.000;1;Waschtischmöbel Alterna elena plus, Breite 116,4 cm, Höhe 40 cm, Tiefe 45 cm, 2 Schubladen, 2 , Weiss
;
;2234 013.100.000;1;Waschtischmöbel Alterna elena plus, Lackiert matt, Breite 78,4 cm, Höhe 41 cm, Tiefe 47,2 cm, 1 , Weiss
;
;2234 003.100.000;1;Waschtischmöbel Alterna elena plus, Lackiert glanz, Breite 58,4 cm, Höhe 41 cm, Tiefe 47,2 cm, 1 , Weiss
;
;2116 949.100.000;1;Urinoirdeckel Alterna modena S-Tec, zu Urinoir 2116 946, mit Absenkautomatik, Weiss
;
;2234 147.100.000;1;Waschtischmöbel Alterna elena plus, Breite 76,4 cm, Höhe 45 cm, Tiefe 45 cm, 2 Schubladen, Tip-on, , Weiss
;
;2234 286.100.000;1;Waschtischmöbel Alterna elena plus, Breite 46,4 cm, Höhe 40 cm, Tiefe 45 cm, 1 Schublade, 1 , Weiss
;
;2234 203.100.000;1;Waschtischmöbel Alterna elena plus, Breite 116,4 cm, Höhe 40 cm, Tiefe 45 cm, 1 Schublade, 1 , Weiss
;
;2231 910.100.000;1;Waschtischmöbel Alterna elena guest plus, Breite 38,3 cm, Höhe 55 cm, Tiefe 22,1 cm, 1 Türe, Band , Weiss
;
;2232 521.100.000;1;Waschtischmöbel Alterna logica plus, Breite 121,4 cm, Höhe 40,2 cm, Tiefe 48,2 cm, 1 Schublade, , Weiss
;
;2234 149.100.000;1;Waschtischmöbel Alterna elena plus, Breite 96,4 cm, Höhe 45 cm, Tiefe 45 cm, 2 Schubladen, Tip-on, , Weiss
;
;2234 140.100.000;1;Waschtischmöbel Alterna elena plus, Breite 76,4 cm, Höhe 40 cm, Tiefe 45 cm, 1 Schublade, 1 , Weiss
;
;2234 004.100.000;1;Waschtischmöbel Alterna elena plus, Lackiert matt, Breite 58,4 cm, Höhe 41 cm, Tiefe 47,2 cm, 1 , Weiss
;
;2232 512.100.000;1;Waschtischmöbel Alterna logica plus, Breite 96,4 cm, Höhe 40,2 cm, Tiefe 48,2 cm, 1 Schublade, , Weiss
;
;2232 506.100.000;1;Waschtischmöbel Alterna logica plus, Breite 71,4 cm, Höhe 40,2 cm, Tiefe 48,2 cm, 1 Schublade, , Weiss
;
;2234 046.100.000;1;Waschtischmöbel Alterna elena plus, Lackiert matt, Breite 98,4 cm, Höhe 41 cm, Tiefe 47,2 cm, 1 , Weiss
;
;2234 107.100.000;1;Waschtischmöbel Alterna elena plus, Breite 56,4 cm, Höhe 40 cm, Tiefe 45 cm, 1 Schublade, 1 , Weiss
;
;2110 239.100.000;1;Waschtischmöbel Alterna calea plus, Breite 116,6 cm, Höhe 52,5 cm, Tiefe 45 cm, 4 Schubladen, , Weiss
;
;2236 645.100.000;1;Waschtischmöbel Alterna zero plus, Breite 121,6 cm, Höhe 35 cm, Tiefe 48,2 cm, 2 Schubladen, , Weiss
;
;2236 607.100.000;1;Waschtischmöbel Alterna zero plus, Breite 71,6 cm, Höhe 35 cm, Tiefe 48,2 cm, 1 Schublade, , Weiss
;
;2110 237.100.000;1;Waschtischmöbel Alterna calea plus, Breite 96,6 cm, Höhe 52,5 cm, Tiefe 44,8 cm, 2 Schubladen, , Weiss
;
;2116 425.100.000;1;Hochschrank Alterna universale slim, Breite 34,9 cm, Höhe 175 cm, Tiefe 30,4 cm, 1 Türe, Tip-on, , Weiss
;
;2234 296.100.000;1;Waschtischmöbel Alterna elena plus, Breite 76,4 cm, Höhe 45 cm, Tiefe 45 cm, 2 Schubladen, Tip-on, , Weiss
;
;2232 555.100.000;1;Waschtischmöbel Alterna logica plus, Breite 121,4 cm, Höhe 40,2 cm, Tiefe 48,2 cm, 1 Schublade , Weiss
;
;2234 119.100.000;1;Waschtischmöbel Alterna elena plus, Breite 96,4 cm, Höhe 45 cm, Tiefe 45 cm, 2 Schubladen, Tip-on, , Weiss
;
;2234 302.100.000;1;Waschtischmöbel Alterna elena plus, Breite 116,4 cm, Höhe 40 cm, Tiefe 45 cm, 2 Schubladen, Tip-on,, Weiss
;
;2234 288.100.000;1;Waschtischmöbel Alterna elena plus, Breite 76,4 cm, Höhe 40 cm, Tiefe 45 cm, 1 Schublade, 1 , Weiss
;
;2232 543.100.000;1;Waschtischmöbel Alterna logica plus, Breite 121,4 cm, Höhe 40,2 cm, Tiefe 48,2 cm, 1 Schublade , Weiss
;
;2234 021.100.000;1;Waschtischmöbel Alterna elena plus, Lackiert glanz, Breite 118,4 cm, Höhe 41 cm, Tiefe 47,2 cm, 1 , Weiss
;
;2234 321.100.000;1;Waschtischmöbel Alterna elena plus, Breite 96,4 cm, Höhe 40 cm, Tiefe 45 cm, 1 Schublade, 1 , Weiss
;
;2234 232.100.000;1;Waschtischmöbel Alterna elena plus, Breite 116,4 cm, Höhe 40 cm, Tiefe 45 cm, 1 Schublade, 1 , Weiss
;
;2234 235.100.000;1;Waschtischmöbel Alterna elena plus, Breite 56,4 cm, Höhe 45 cm, Tiefe 45 cm, 2 Schubladen, Tip-on, , Weiss
;
;2236 575.100.000;1;Waschtischmöbel Alterna zero plus, Breite 96,6 cm, Höhe 52,5 cm, Tiefe 48,2 cm, 2 Schubladen, , Weiss
;
;2232 511.100.000;1;Waschtischmöbel Alterna logica plus, Breite 96,4 cm, Höhe 40,2 cm, Tiefe 48,2 cm, 1 Schublade, , Weiss
;
;2236 602.100.000;1;Waschtischmöbel Alterna zero plus, Breite 46,6 cm, Höhe 35 cm, Tiefe 48,2 cm, 1 Schublade, , Weiss
;
;2236 611.100.000;1;Waschtischmöbel Alterna zero plus, Breite 71,6 cm, Höhe 35 cm, Tiefe 48,2 cm, 2 Schubladen, , Weiss
;
;2231 916.100.000;1;Waschtischmöbel Alterna elena guest plus, Breite 48,3 cm, Höhe 55 cm, Tiefe 24,1 cm, 1 Türe, Band , Weiss
;
;2234 163.100.000;1;Waschtischmöbel Alterna elena plus, Breite 76,4 cm, Höhe 40 cm, Tiefe 45 cm, 1 Schublade, Tip-on, , Weiss
;
;2232 562.100.000;1;Waschtischmöbel Alterna logica plus, Breite 146,4 cm, Höhe 40,2 cm, Tiefe 48,2 cm, 1 Schublade , Weiss
;
;2234 188.100.000;1;Hochschrank Alterna elena plus, Breite 35 cm, Höhe 165 cm, Tiefe 30 cm, 1 Türe, Band umkehrbar, , Weiss
;
;2236 651.100.000;1;Waschtischmöbel Alterna zero plus, Breite 146,6 cm, Höhe 35 cm, Tiefe 48,2 cm, 1 Schublade, , Weiss
;
;2110 439.100.000;1;Waschtischmöbel Alterna dinea plus, Breite 118,4 cm, Höhe 55 cm, Tiefe 45,1 cm, 2 Schubladen, , Weiss
;
;2116 999.501.000;1;Handtuchreling Alterna modena S, zu 2116 911 / 912, Verchromt
;
;2234 283.100.000;1;Waschtischmöbel Alterna elena plus, Breite 76,4 cm, Höhe 40 cm, Tiefe 45 cm, 1 Schublade, Tip-on, , Weiss
;
;2234 111.100.000;1;Waschtischmöbel Alterna elena plus, Breite 96,4 cm, Höhe 40 cm, Tiefe 45 cm, 1 Schublade, 1 , Weiss
;
;2234 142.100.000;1;Waschtischmöbel Alterna elena plus, Breite 116,4 cm, Höhe 40 cm, Tiefe 45 cm, 1 Schublade, 1 , Weiss
;
;2232 515.100.000;1;Waschtischmöbel Alterna logica plus, Breite 96,4 cm, Höhe 40,2 cm, Tiefe 48,2 cm, 1 Schublade, , Weiss
;
;2234 198.100.000;1;Waschtischmöbel Alterna elena plus, Breite 76,4 cm, Höhe 40 cm, Tiefe 45 cm, 1 Schublade, 1 , Weiss
;
;2234 024.100.000;1;Waschtischmöbel Alterna elena plus, Lackiert glanz, Breite 118,4 cm, Höhe 41 cm, Tiefe 47,2 cm, 2 , Weiss
;
;2116 213.100.000;1;Waschtisch Alterna cubito, 65 x 48,5 cm, Armaturenloch, mit Überlauf, Weiss
;
;2234 328.100.000;1;Waschtischmöbel Alterna elena plus, Breite 76,4 cm, Höhe 45 cm, Tiefe 45 cm, 2 Schubladen, Tip-on, , Weiss
;
;2110 105.100.000;1;Waschtisch Alterna calea, 80 x 46 cm, Armaturenloch, mit Überlauf, Weiss
;
;2234 133.100.000;1;Waschtischmöbel Alterna elena plus, Breite 76,4 cm, Höhe 40 cm, Tiefe 45 cm, 1 Schublade, Tip-on, , Weiss
;
;2211 400.100.000;1;Wandbecken Alterna primo, 45 x 34 cm, Armaturenloch, mit Überlauf, Weiss
;
;2234 266.100.000;1;Waschtischmöbel Alterna elena plus, Breite 76,4 cm, Höhe 45 cm, Tiefe 45 cm, 2 Schubladen, Tip-on, , Weiss
;
;2236 534.100.000;1;Waschtischmöbel Alterna zero plus, Breite 71,6 cm, Höhe 52,5 cm, Tiefe 48,2 cm, 2 Schubladen, , Weiss
;
;2232 501.100.000;1;Waschtischmöbel Alterna logica plus, Breite 71,4 cm, Höhe 40,2 cm, Tiefe 48,2 cm, 1 Schublade, , Weiss
;
;2231 911.100.000;1;Waschtischmöbel Alterna elena guest plus, Breite 38,3 cm, Höhe 55 cm, Tiefe 22,1 cm, 1 Türe, Band , Weiss
;
;2234 261.100.000;1;Waschtischmöbel Alterna elena plus, Breite 96,4 cm, Höhe 40 cm, Tiefe 45 cm, 1 Schublade, 1 , Weiss
;
;2236 654.100.000;1;Waschtischmöbel Alterna zero plus, Breite 146,6 cm, Höhe 35 cm, Tiefe 48,2 cm, 2 Schubladen, , Weiss
;
;2211 407.100.000;1;Waschtisch Alterna primo, 60 x 48 cm, Armaturenloch, mit Überlauf, Weiss
;
;2110 441.100.000;1;Waschtischmöbel Alterna dinea plus, Breite 118,4 cm, Höhe 55 cm, Tiefe 45,1 cm, 4 Schubladen, , Weiss
;
;2236 281.100.000;1;Seitenschrank Alterna universale plus, Breite 35,2 cm, Höhe 102 cm, Tiefe 30,2 cm, 1 Türe, , Weiss
;
;2234 301.100.000;1;Waschtischmöbel Alterna elena plus, Breite 116,4 cm, Höhe 45 cm, Tiefe 45 cm, 2 Schubladen, Tip-on,, Weiss
;
;2232 508.100.000;1;Waschtischmöbel Alterna logica plus, Breite 96,4 cm, Höhe 40,2 cm, Tiefe 48,2 cm, 1 Schublade, , Weiss
;
;2232 549.100.000;1;Waschtischmöbel Alterna logica plus, Breite 121,4 cm, Höhe 40,2 cm, Tiefe 48,2 cm, 1 Schublade , Weiss
;
;2110 204.100.000;1;Waschtischmöbel Alterna calea plus, Breite 42 cm, Höhe 52,5 cm, Tiefe 35,2 cm, 1 Türe, Band rechts,, Weiss
;
;2234 108.100.000;1;Waschtischmöbel Alterna elena plus, Breite 76,4 cm, Höhe 40 cm, Tiefe 45 cm, 1 Schublade, 1 , Weiss
;
;2234 030.100.000;1;Waschtischmöbel Alterna elena plus, Lackiert glanz, Breite 48,4 cm, Höhe 41 cm, Tiefe 47,2 cm, 1 , Weiss
;
;2110 421.100.000;1;Waschtischmöbel Alterna dinea plus, Breite 58,4 cm, Höhe 55 cm, Tiefe 45,1 cm, 2 Schubladen, , Weiss
;
;2116 211.100.000;1;Waschtisch Alterna cubito, 55 x 42 cm, Armaturenloch, mit Überlauf, Weiss
;
;2110 106.100.000;1;Waschtisch Alterna calea, 100 x 46 cm, Armaturenloch, mit Überlauf, Weiss
;
;2231 914.100.000;1;Waschtischmöbel Alterna elena guest plus, Breite 38,3 cm, Höhe 55 cm, Tiefe 22,1 cm, 1 Türe, Band , Weiss
;
;2234 218.100.000;1;Hochschrank Alterna elena plus, Breite 35 cm, Höhe 165 cm, Tiefe 30 cm, 1 Türe, Band umkehrbar, , Weiss
;
;2234 316.100.000;1;Waschtischmöbel Alterna elena plus, Breite 46,4 cm, Höhe 40 cm, Tiefe 45 cm, 1 Schublade, 1 , Weiss
;
;2236 621.100.000;1;Waschtischmöbel Alterna zero plus, Breite 71,6 cm, Höhe 35 cm, Tiefe 48,2 cm, 3 Schubladen, , Weiss
;
;2234 154.100.000;1;Waschtischmöbel Alterna elena plus, Breite 116,4 cm, Höhe 45 cm, Tiefe 45 cm, 4 Schubladen, Tip-on,, Weiss
;
;2232 507.100.000;1;Waschtischmöbel Alterna logica plus, Breite 71,4 cm, Höhe 40,2 cm, Tiefe 48,2 cm, 1 Schublade, , Weiss
;
;2232 520.100.000;1;Waschtischmöbel Alterna logica plus, Breite 121,4 cm, Höhe 40,2 cm, Tiefe 48,2 cm, 1 Schublade, , Weiss
;
;2110 103.100.000;1;Waschtisch Alterna calea, Abstellfläche links, 80 x 46 cm, Armaturenloch, mit Überlauf, Weiss
;
;2236 541.100.000;1;Waschtischmöbel Alterna zero plus, Breite 96,6 cm, Höhe 52,5 cm, Tiefe 48,2 cm, 2 Schubladen, , Weiss
;
;2232 531.100.000;1;Waschtischmöbel Alterna logica plus, Breite 96,4 cm, Höhe 40,2 cm, Tiefe 48,2 cm, 1 Schublade , Weiss
;
;2116 997.501.000;1;Handtuchreling Alterna modena S, zu 2116 905 / 906, Verchromt
;
;2234 110.100.000;1;Waschtischmöbel Alterna elena plus, Breite 76,4 cm, Höhe 40 cm, Tiefe 45 cm, 1 Schublade, 1 , Weiss
;
;2234 221.100.000;1;Waschtischmöbel Alterna elena plus, Breite 46,4 cm, Höhe 40 cm, Tiefe 45 cm, 1 Schublade, Tip-on, , Weiss
;
;2234 308.100.000;1;Hochschrank Alterna elena plus, Breite 35 cm, Höhe 165 cm, Tiefe 30 cm, 1 Türe, Band umkehrbar, , Weiss
;
;2234 051.100.000;1;Waschtischmöbel Alterna elena plus, Lackiert glanz, Breite 118,4 cm, Höhe 41 cm, Tiefe 47,2 cm, 1 , Weiss
;
;2110 423.100.000;1;Waschtischmöbel Alterna dinea plus, Breite 78,4 cm, Höhe 55 cm, Tiefe 45,1 cm, 2 Schubladen, , Weiss
;
;2110 326.501.000;1;Handtuchreling Alterna dinea, zu Waschtisch 120 cm, Verchromt
;
;2236 285.100.000;1;Seitenschrank Alterna universale plus, Breite 35,2 cm, Höhe 102 cm, Tiefe 30,2 cm, 1 Türe, , Weiss
;
;2110 201.100.000;1;Waschtischmöbel Alterna calea plus, Breite 42 cm, Höhe 52,5 cm, Tiefe 35,2 cm, 1 Türe, Band links, , Weiss
;
;2232 509.100.000;1;Waschtischmöbel Alterna logica plus, Breite 96,4 cm, Höhe 40,2 cm, Tiefe 48,2 cm, 1 Schublade, , Weiss
;
;2234 055.100.000;1;Waschtischmöbel Alterna elena plus, Lackiert matt, Breite 118,4 cm, Höhe 41 cm, Tiefe 47,2 cm, 2 , Weiss
;
;2232 500.100.000;1;Waschtischmöbel Alterna logica plus, Breite 71,4 cm, Höhe 40,2 cm, Tiefe 48,2 cm, 1 Schublade, , Weiss
;
;2234 115.100.000;1;Waschtischmöbel Alterna elena plus, Breite 56,4 cm, Höhe 45 cm, Tiefe 45 cm, 2 Schubladen, Tip-on, , Weiss
;
;2236 532.100.000;1;Waschtischmöbel Alterna zero plus, Breite 71,6 cm, Höhe 52,5 cm, Tiefe 48,2 cm, 2 Schubladen, , Weiss
;
;2234 224.100.000;1;Waschtischmöbel Alterna elena plus, Breite 96,4 cm, Höhe 40 cm, Tiefe 45 cm, 1 Schublade, Tip-on, , Weiss
;
;2232 505.100.000;1;Waschtischmöbel Alterna logica plus, Breite 71,4 cm, Höhe 40,2 cm, Tiefe 48,2 cm, 1 Schublade, , Weiss
;
;2234 269.100.000;1;Waschtischmöbel Alterna elena plus, Breite 96,4 cm, Höhe 45 cm, Tiefe 45 cm, 2 Schubladen, Tip-on, , Weiss
;
;2234 114.100.000;1;Waschtischmöbel Alterna elena plus, Breite 46,4 cm, Höhe 45 cm, Tiefe 45 cm, 2 Schubladen, Tip-on, , Weiss
;
;2110 424.100.000;1;Waschtischmöbel Alterna dinea plus, Breite 78,4 cm, Höhe 55 cm, Tiefe 45,1 cm, 2 Schubladen, , Weiss
;
;2234 242.100.000;1;Waschtischmöbel Alterna elena plus, Breite 116,4 cm, Höhe 40 cm, Tiefe 45 cm, 2 Schubladen, Tip-on,, Weiss
;
;2110 412.100.000;1;Waschtischmöbel Alterna dinea plus, Breite 43,4 cm, Höhe 55 cm, Tiefe 34,2 cm, 1 Türe, Band rechts,, Weiss
;
;2234 222.100.000;1;Waschtischmöbel Alterna elena plus, Breite 56,4 cm, Höhe 40 cm, Tiefe 45 cm, 1 Schublade, Tip-on, , Weiss
;
;2110 322.501.000;1;Handtuchreling Alterna dinea, zu Waschtisch 50 cm, Verchromt
;
;2236 638.100.000;1;Waschtischmöbel Alterna zero plus, Breite 96,6 cm, Höhe 35 cm, Tiefe 48,2 cm, 3 Schubladen, , Weiss
;
;2112 604.100.000;1;Waschtischmöbel Alterna pro, Breite 44 cm, Höhe 39 cm, Tiefe 26,8 cm, 1 Türe, ohne Griff, für , Weiss
;
;2234 284.100.000;1;Waschtischmöbel Alterna elena plus, Breite 96,4 cm, Höhe 40 cm, Tiefe 45 cm, 1 Schublade, Tip-on, , Weiss
;
;2234 294.100.000;1;Waschtischmöbel Alterna elena plus, Breite 46,4 cm, Höhe 45 cm, Tiefe 45 cm, 2 Schubladen, Tip-on, , Weiss
;
;2110 323.501.000;1;Handtuchreling Alterna dinea, zu Waschtisch 60 cm, Verchromt
;
;2231 928.100.000;1;Waschtischmöbel Alterna elena guest plus, Breite 52,5 cm, Höhe 55 cm, Tiefe 33,4 cm, 1 Türe, Band , Weiss
;
;2234 322.100.000;1;Waschtischmöbel Alterna elena plus, Breite 116,4 cm, Höhe 40 cm, Tiefe 45 cm, 1 Schublade, 1 , Weiss
;
;2234 333.100.000;1;Waschtischmöbel Alterna elena plus, Breite 116,4 cm, Höhe 40 cm, Tiefe 45 cm, 2 Schubladen, 2 , Weiss
;
;2236 580.100.000;1;Waschtischmöbel Alterna zero plus, Breite 146,6 cm, Höhe 52,5 cm, Tiefe 48,2 cm, 4 Schubladen, , Weiss
;
;2234 191.100.000;1;Waschtischmöbel Alterna elena plus, Breite 46,4 cm, Höhe 40 cm, Tiefe 45 cm, 1 Schublade, Tip-on, , Weiss
;
;2236 290.100.000;1;Hochschrank Alterna universale plus, Breite 35,2 cm, Höhe 165 cm, Tiefe 30,2 cm, 2 Türen, , Weiss
;
;2231 789.100.000;1;Hochschrank Alterna green plus, Breite 36,9 cm, Höhe 175 cm, Tiefe 30,4 cm, 1 Türe, Griffleiste, , Weiss
;
;2236 605.100.000;1;Waschtischmöbel Alterna zero plus, Breite 56,6 cm, Höhe 35 cm, Tiefe 48,2 cm, 1 Schublade, , Weiss
;
;2231 790.100.000;1;Hochschrank Alterna green plus, Breite 36,9 cm, Höhe 175 cm, Tiefe 30,4 cm, 1 Türe, Griffleiste, , Weiss
;
;2234 180.100.000;1;Waschtischmöbel Alterna elena plus, Breite 116,4 cm, Höhe 45 cm, Tiefe 45 cm, 2 Schubladen, Tip-on,, Weiss
;
;2236 571.100.000;1;Waschtischmöbel Alterna zero plus, Breite 96,6 cm, Höhe 52,5 cm, Tiefe 48,2 cm, 2 Schubladen, , Weiss
;
;2231 931.100.000;1;Waschtischmöbel Alterna elena guest plus, Breite 52,5 cm, Höhe 55 cm, Tiefe 33,4 cm, 1 Türe, Band , Weiss
;
;2234 292.100.000;1;Waschtischmöbel Alterna elena plus, Breite 116,4 cm, Höhe 40 cm, Tiefe 45 cm, 1 Schublade, 1 , Weiss
;
;2234 282.100.000;1;Waschtischmöbel Alterna elena plus, Breite 56,4 cm, Höhe 40 cm, Tiefe 45 cm, 1 Schublade, Tip-on, , Weiss
;
;2231 935.100.000;1;Waschtischmöbel Alterna elena guest plus, Breite 62,5 cm, Höhe 55 cm, Tiefe 33,4 cm, 2 Türen, , Weiss
;
;2110 426.100.000;1;Waschtischmöbel Alterna dinea plus, Breite 78,4 cm, Höhe 55 cm, Tiefe 45,1 cm, 2 Schubladen, , Weiss
;
;2110 218.100.000;1;Waschtischmöbel Alterna calea plus, Breite 116,6 cm, Höhe 35 cm, Tiefe 45 cm, 2 Schubladen, , Weiss
;
;2232 571.100.000;1;Waschtischmöbel Alterna logica plus, Breite 146,4 cm, Höhe 40,2 cm, Tiefe 48,2 cm, 1 Schublade , Weiss
;
;2211 408.100.000;1;Waschtisch Alterna primo, 80 x 48 cm, Armaturenloch, mit Überlauf, Weiss
;
;2232 516.100.000;1;Waschtischmöbel Alterna logica plus, Breite 121,4 cm, Höhe 40,2 cm, Tiefe 48,2 cm, 1 Schublade, , Weiss
;
;2116 892.501.000;1;Handtuchreling Alterna modena, zu 2116 811 / 813, Verchromt
;
;2234 271.100.000;1;Waschtischmöbel Alterna elena plus, Breite 116,4 cm, Höhe 45 cm, Tiefe 45 cm, 2 Schubladen, Tip-on,, Weiss
;
;2234 168.100.000;1;Waschtischmöbel Alterna elena plus, Breite 76,4 cm, Höhe 40 cm, Tiefe 45 cm, 1 Schublade, 1 , Weiss
;
;2234 194.100.000;1;Waschtischmöbel Alterna elena plus, Breite 96,4 cm, Höhe 40 cm, Tiefe 45 cm, 1 Schublade, Tip-on, , Weiss
;
;2234 260.100.000;1;Waschtischmöbel Alterna elena plus, Breite 76,4 cm, Höhe 40 cm, Tiefe 45 cm, 1 Schublade, 1 , Weiss
;
;2234 120.100.000;1;Waschtischmöbel Alterna elena plus, Breite 116,4 cm, Höhe 45 cm, Tiefe 45 cm, 2 Schubladen, Tip-on,, Weiss
;
;2234 230.100.000;1;Waschtischmöbel Alterna elena plus, Breite 76,4 cm, Höhe 40 cm, Tiefe 45 cm, 1 Schublade, 1 , Weiss
;
;2116 913.100.000;1;Klosettsitz Catalano Slim, zu Zero, Sfera, Alterna modena S-Tec, mit Deckel, Absenkautomatik, , Weiss
;
;2232 529.100.000;1;Waschtischmöbel Alterna logica plus, Breite 96,4 cm, Höhe 40,2 cm, Tiefe 48,2 cm, 1 Schublade , Weiss
;
;2231 780.100.000;1;Waschtischmöbel Alterna green plus, Breite 58,4 cm, Höhe 55 cm, Tiefe 45,4 cm, 2 Schubladen, , Weiss
;
;2110 102.100.000;1;Waschtisch Alterna calea, 60 x 46 cm, Armaturenloch, mit Überlauf, Weiss
;
;2234 183.100.000;1;Waschtischmöbel Alterna elena plus, Breite 116,4 cm, Höhe 40 cm, Tiefe 45 cm, 2 Schubladen, 2 , Weiss
;
;2236 652.100.000;1;Waschtischmöbel Alterna zero plus, Breite 146,6 cm, Höhe 35 cm, Tiefe 48,2 cm, 1 Schublade, , Weiss
;
;2234 000.100.000;1;Waschtischmöbel Alterna elena plus, Lackiert glanz, Breite 48,4 cm, Höhe 41 cm, Tiefe 47,2 cm, 1 , Weiss
;
;2234 244.100.000;1;Waschtischmöbel Alterna elena plus, Breite 116,4 cm, Höhe 45 cm, Tiefe 45 cm, 4 Schubladen, Tip-on,, Weiss
;
;2232 546.100.000;1;Waschtischmöbel Alterna logica plus, Breite 121,4 cm, Höhe 40,2 cm, Tiefe 48,2 cm, 1 Schublade , Weiss
;
;2236 624.100.000;1;Waschtischmöbel Alterna zero plus, Breite 96,6 cm, Höhe 35 cm, Tiefe 48,2 cm, 1 Schublade, , Weiss
;
;2232 568.100.000;1;Waschtischmöbel Alterna logica plus, Breite 146,4 cm, Höhe 40,2 cm, Tiefe 48,2 cm, 1 Schublade , Weiss
;
;2236 627.100.000;1;Waschtischmöbel Alterna zero plus, Breite 96,6 cm, Höhe 35 cm, Tiefe 48,2 cm, 2 Schubladen, , Weiss
;
;2236 525.100.000;1;Waschtischmöbel Alterna zero plus, Breite 46,6 cm, Höhe 52,5 cm, Tiefe 48,2 cm, 2 Schubladen, , Weiss
;
;2234 121.100.000;1;Waschtischmöbel Alterna elena plus, Breite 116,4 cm, Höhe 45 cm, Tiefe 45 cm, 2 Schubladen, Tip-on,, Weiss
;
;2231 787.100.000;1;Waschtischmöbel Alterna green plus, Breite 98,4 cm, Höhe 55 cm, Tiefe 45,4 cm, 2 Schubladen, , Weiss
;
;2234 104.100.000;1;Waschtischmöbel Alterna elena plus, Breite 96,4 cm, Höhe 40 cm, Tiefe 45 cm, 1 Schublade, Tip-on, , Weiss
;
;2234 268.100.000;1;Waschtischmöbel Alterna elena plus, Breite 76,4 cm, Höhe 45 cm, Tiefe 45 cm, 2 Schubladen, Tip-on, , Weiss
;
;2110 209.100.000;1;Waschtischmöbel Alterna calea plus, Breite 56,6 cm, Höhe 35 cm, Tiefe 44,8 cm, 1 Schublade, , Weiss
;
;2236 526.100.000;1;Waschtischmöbel Alterna zero plus, Breite 46,6 cm, Höhe 52,5 cm, Tiefe 48,2 cm, 2 Schubladen, , Weiss
;
;2110 213.100.000;1;Waschtischmöbel Alterna calea plus, Breite 76,6 cm, Höhe 35 cm, Tiefe 44,8 cm, 1 Schublade, , Weiss
;
;2234 254.100.000;1;Waschtischmöbel Alterna elena plus, Breite 96,4 cm, Höhe 40 cm, Tiefe 45 cm, 1 Schublade, Tip-on, , Weiss
;
;2232 556.100.000;1;Waschtischmöbel Alterna logica plus, Breite 146,4 cm, Höhe 40,2 cm, Tiefe 48,2 cm, 1 Schublade , Weiss
;
;2234 031.100.000;1;Waschtischmöbel Alterna elena plus, Lackiert matt, Breite 48,4 cm, Höhe 41 cm, Tiefe 47,2 cm, 1 , Weiss
;
;2234 237.100.000;1;Waschtischmöbel Alterna elena plus, Breite 76,4 cm, Höhe 45 cm, Tiefe 45 cm, 2 Schubladen, Tip-on, , Weiss
;
;2236 604.100.000;1;Waschtischmöbel Alterna zero plus, Breite 56,6 cm, Höhe 35 cm, Tiefe 48,2 cm, 1 Schublade, , Weiss
;
;2234 028.100.000;1;Hochschrank Alterna elena plus, Lackiert matt, Breite 34,9 cm, Höhe 165 cm, Tiefe 31,7 cm, 1 Türe, , Weiss
;
;2234 233.100.000;1;Waschtischmöbel Alterna elena plus, Breite 116,4 cm, Höhe 40 cm, Tiefe 45 cm, 1 Schublade, 1 , Weiss
;
;2234 332.100.000;1;Waschtischmöbel Alterna elena plus, Breite 116,4 cm, Höhe 40 cm, Tiefe 45 cm, 2 Schubladen, Tip-on,, Weiss
;
;2232 523.100.000;1;Waschtischmöbel Alterna logica plus, Breite 121,4 cm, Höhe 40,2 cm, Tiefe 48,2 cm, 1 Schublade, , Weiss
;
;2234 174.100.000;1;Waschtischmöbel Alterna elena plus, Breite 46,4 cm, Höhe 45 cm, Tiefe 45 cm, 2 Schubladen, Tip-on, , Weiss
;
;2234 299.100.000;1;Waschtischmöbel Alterna elena plus, Breite 96,4 cm, Höhe 45 cm, Tiefe 45 cm, 2 Schubladen, Tip-on, , Weiss
;
;2110 107.100.000;1;Doppelwaschtisch Alterna calea, 120 x 46 cm, mit 2 Armaturenlöcher, mit Überlauf, Weiss
;
;2234 018.100.000;1;Waschtischmöbel Alterna elena plus, Lackiert glanz, Breite 118,4 cm, Höhe 41 cm, Tiefe 47,2 cm, 1 , Weiss
;
;2234 139.100.000;1;Waschtischmöbel Alterna elena plus, Breite 76,4 cm, Höhe 40 cm, Tiefe 45 cm, 1 Schublade, 1 , Weiss
;
;2110 100.100.000;1;Wandbecken Alterna calea, 45 x 36 cm, Armaturenloch, mit Überlauf, Weiss
;
;2234 252.100.000;1;Waschtischmöbel Alterna elena plus, Breite 56,4 cm, Höhe 40 cm, Tiefe 45 cm, 1 Schublade, Tip-on, , Weiss
;
;2116 842.501.000;1;Handtuchreling Alterna modena, zu 2116 808 / 809, Verchromt
;
;2234 123.100.000;1;Waschtischmöbel Alterna elena plus, Breite 116,4 cm, Höhe 40 cm, Tiefe 45 cm, 2 Schubladen, 2 , Weiss
;
;2232 563.100.000;1;Waschtischmöbel Alterna logica plus, Breite 146,4 cm, Höhe 40,2 cm, Tiefe 48,2 cm, 1 Schublade , Weiss
;
;2110 432.100.000;1;Waschtischmöbel Alterna dinea plus, Breite 98,4 cm, Höhe 55 cm, Tiefe 45,1 cm, 2 Schubladen, , Weiss
;
;2234 314.100.000;1;Waschtischmöbel Alterna elena plus, Breite 96,4 cm, Höhe 40 cm, Tiefe 45 cm, 1 Schublade, Tip-on, , Weiss
;
;2232 565.100.000;1;Waschtischmöbel Alterna logica plus, Breite 146,4 cm, Höhe 40,2 cm, Tiefe 48,2 cm, 1 Schublade , Weiss
;
;2116 430.100.000;1;Hochschrank Alterna universale slim, Breite 34,9 cm, Höhe 175 cm, Tiefe 30,4 cm, 2 Türen, , Weiss
;
;2234 040.100.000;1;Waschtischmöbel Alterna elena plus, Lackiert matt, Breite 78,4 cm, Höhe 41 cm, Tiefe 47,2 cm, 1 , Weiss
;
;2110 321.501.000;1;Handtuchreling Alterna dinea, zu Waschbecken 45 cm, Verchromt
;
;2236 648.100.000;1;Waschtischmöbel Alterna zero plus, Breite 121,6 cm, Höhe 35 cm, Tiefe 48,2 cm, 3 Schubladen, , Weiss
;
;2112 605.100.000;1;Waschtischmöbel Alterna pro, Breite 44 cm, Höhe 39 cm, Tiefe 26,8 cm, 1 Türe, ohne Griff, für , Weiss
;
;2232 561.100.000;1;Waschtischmöbel Alterna logica plus, Breite 146,4 cm, Höhe 40,2 cm, Tiefe 48,2 cm, 1 Schublade , Weiss
;
;2234 131.100.000;1;Waschtischmöbel Alterna elena plus, Breite 46,4 cm, Höhe 40 cm, Tiefe 45 cm, 1 Schublade, Tip-on, , Weiss
;
;2234 256.100.000;1;Waschtischmöbel Alterna elena plus, Breite 46,4 cm, Höhe 40 cm, Tiefe 45 cm, 1 Schublade, 1 , Weiss
;
;2232 538.100.000;1;Waschtischmöbel Alterna logica plus, Breite 96,4 cm, Höhe 40,2 cm, Tiefe 48,2 cm, 1 Schublade , Weiss
;
;2231 783.100.000;1;Waschtischmöbel Alterna green plus, Breite 78,4 cm, Höhe 55 cm, Tiefe 45,4 cm, 2 Schubladen, , Weiss
;
;2234 179.100.000;1;Waschtischmöbel Alterna elena plus, Breite 96,4 cm, Höhe 45 cm, Tiefe 45 cm, 2 Schubladen, Tip-on, , Weiss
;
;2234 161.100.000;1;Waschtischmöbel Alterna elena plus, Breite 46,4 cm, Höhe 40 cm, Tiefe 45 cm, 1 Schublade, Tip-on, , Weiss
;
;2236 543.100.000;1;Waschtischmöbel Alterna zero plus, Breite 121,6 cm, Höhe 52,5 cm, Tiefe 48,2 cm, 2 Schubladen, , Weiss
;
;2236 544.100.000;1;Waschtischmöbel Alterna zero plus, Breite 121,6 cm, Höhe 52,5 cm, Tiefe 48,2 cm, 2 Schubladen, , Weiss
;
;2236 637.100.000;1;Waschtischmöbel Alterna zero plus, Breite 96,6 cm, Höhe 35 cm, Tiefe 48,2 cm, 3 Schubladen, , Weiss
;
;2110 203.100.000;1;Waschtischmöbel Alterna calea plus, Breite 42 cm, Höhe 52,5 cm, Tiefe 35,2 cm, 1 Türe, Band rechts,, Weiss
;
;2236 574.100.000;1;Waschtischmöbel Alterna zero plus, Breite 96,6 cm, Höhe 52,5 cm, Tiefe 48,2 cm, 2 Schubladen, , Weiss
;
;2231 922.100.000;1;Waschtischmöbel Alterna elena guest plus, Breite 42,5 cm, Höhe 55 cm, Tiefe 33,4 cm, 1 Türe, Band , Weiss
;
;2236 625.100.000;1;Waschtischmöbel Alterna zero plus, Breite 96,6 cm, Höhe 35 cm, Tiefe 48,2 cm, 1 Schublade, , Weiss
;
;2234 173.100.000;1;Waschtischmöbel Alterna elena plus, Breite 116,4 cm, Höhe 40 cm, Tiefe 45 cm, 1 Schublade, 1 , Weiss
;
;2234 037.100.000;1;Waschtischmöbel Alterna elena plus, Lackiert matt, Breite 78,4 cm, Höhe 41 cm, Tiefe 47,2 cm, 1 , Weiss
;
;2232 519.100.000;1;Waschtischmöbel Alterna logica plus, Breite 121,4 cm, Höhe 40,2 cm, Tiefe 48,2 cm, 1 Schublade, , Weiss
;
;2234 293.100.000;1;Waschtischmöbel Alterna elena plus, Breite 116,4 cm, Höhe 40 cm, Tiefe 45 cm, 1 Schublade, 1 , Weiss
;
;2232 534.100.000;1;Waschtischmöbel Alterna logica plus, Breite 96,4 cm, Höhe 40,2 cm, Tiefe 48,2 cm, 1 Schublade , Weiss
;
;2232 557.100.000;1;Waschtischmöbel Alterna logica plus, Breite 146,4 cm, Höhe 40,2 cm, Tiefe 48,2 cm, 1 Schublade , Weiss
;
;2234 285.100.000;1;Waschtischmöbel Alterna elena plus, Breite 116,4 cm, Höhe 40 cm, Tiefe 45 cm, 1 Schublade, Tip-on, , Weiss
;
;2234 148.100.000;1;Waschtischmöbel Alterna elena plus, Breite 76,4 cm, Höhe 45 cm, Tiefe 45 cm, 2 Schubladen, Tip-on, , Weiss
;
;2234 101.100.000;1;Waschtischmöbel Alterna elena plus, Breite 46,4 cm, Höhe 40 cm, Tiefe 45 cm, 1 Schublade, Tip-on, , Weiss
;
;2234 178.100.000;1;Waschtischmöbel Alterna elena plus, Breite 76,4 cm, Höhe 45 cm, Tiefe 45 cm, 2 Schubladen, Tip-on, , Weiss
;
;2116 427.100.000;1;Hochschrank Alterna universale slim, Breite 34,9 cm, Höhe 175 cm, Tiefe 30,4 cm, 2 Türen, , Weiss
;
;2234 138.100.000;1;Waschtischmöbel Alterna elena plus, Breite 76,4 cm, Höhe 40 cm, Tiefe 45 cm, 1 Schublade, 1 , Weiss
;
;2236 287.100.000;1;Hochschrank Alterna universale plus, Breite 35,2 cm, Höhe 165 cm, Tiefe 30,2 cm, 2 Türen, , Weiss
;
;2232 541.100.000;1;Waschtischmöbel Alterna logica plus, Breite 121,4 cm, Höhe 40,2 cm, Tiefe 48,2 cm, 1 Schublade , Weiss
;
;2234 331.100.000;1;Waschtischmöbel Alterna elena plus, Breite 116,4 cm, Höhe 45 cm, Tiefe 45 cm, 2 Schubladen, Tip-on,, Weiss
;
;2110 411.100.000;1;Waschtischmöbel Alterna dinea plus, Breite 43,4 cm, Höhe 55 cm, Tiefe 34,2 cm, 1 Türe, Band rechts,, Weiss
;
;2236 540.100.000;1;Waschtischmöbel Alterna zero plus, Breite 96,6 cm, Höhe 52,5 cm, Tiefe 48,2 cm, 2 Schubladen, , Weiss
;
;2234 145.100.000;1;Waschtischmöbel Alterna elena plus, Breite 56,4 cm, Höhe 45 cm, Tiefe 45 cm, 2 Schubladen, Tip-on, , Weiss
;
;2234 257.100.000;1;Waschtischmöbel Alterna elena plus, Breite 56,4 cm, Höhe 40 cm, Tiefe 45 cm, 1 Schublade, 1 , Weiss
;
;2112 609.100.000;1;Waschtischmöbel Alterna pro, Breite 44 cm, Höhe 39 cm, Tiefe 26,8 cm, 1 Türe, Festteil, ohne Griff,, Weiss
;
;2234 241.100.000;1;Waschtischmöbel Alterna elena plus, Breite 116,4 cm, Höhe 45 cm, Tiefe 45 cm, 2 Schubladen, Tip-on,, Weiss
;
;2234 177.100.000;1;Waschtischmöbel Alterna elena plus, Breite 76,4 cm, Höhe 45 cm, Tiefe 45 cm, 2 Schubladen, Tip-on, , Weiss
;
;2234 311.100.000;1;Waschtischmöbel Alterna elena plus, Breite 46,4 cm, Höhe 40 cm, Tiefe 45 cm, 1 Schublade, Tip-on, , Weiss
;
;2234 169.100.000;1;Waschtischmöbel Alterna elena plus, Breite 76,4 cm, Höhe 40 cm, Tiefe 45 cm, 1 Schublade, 1 , Weiss
;
;2211 403.100.000;1;Waschtisch Alterna primo round, Armaturenloch, 56 x 45 cm, mit Überlauf, Weiss
;
;2234 240.100.000;1;Waschtischmöbel Alterna elena plus, Breite 116,4 cm, Höhe 45 cm, Tiefe 45 cm, 2 Schubladen, Tip-on,, Weiss
;
;2234 105.100.000;1;Waschtischmöbel Alterna elena plus, Breite 116,4 cm, Höhe 40 cm, Tiefe 45 cm, 1 Schublade, Tip-on, , Weiss
;
;2231 934.100.000;1;Waschtischmöbel Alterna elena guest plus, Breite 62,5 cm, Höhe 55 cm, Tiefe 33,4 cm, 2 Türen, , Weiss
;
;2234 146.100.000;1;Waschtischmöbel Alterna elena plus, Breite 76,4 cm, Höhe 45 cm, Tiefe 45 cm, 2 Schubladen, Tip-on, , Weiss
;
;2231 913.100.000;1;Waschtischmöbel Alterna elena guest plus, Breite 38,3 cm, Höhe 55 cm, Tiefe 22,1 cm, 1 Türe, Band , Weiss
;
;2232 560.100.000;1;Waschtischmöbel Alterna logica plus, Breite 146,4 cm, Höhe 40,2 cm, Tiefe 48,2 cm, 1 Schublade , Weiss
;
;2234 211.100.000;1;Waschtischmöbel Alterna elena plus, Breite 116,4 cm, Höhe 45 cm, Tiefe 45 cm, 2 Schubladen, Tip-on,, Weiss
;
;2234 289.100.000;1;Waschtischmöbel Alterna elena plus, Breite 76,4 cm, Höhe 40 cm, Tiefe 45 cm, 1 Schublade, 1 , Weiss
;
;2234 295.100.000;1;Waschtischmöbel Alterna elena plus, Breite 56,4 cm, Höhe 45 cm, Tiefe 45 cm, 2 Schubladen, Tip-on, , Weiss
;
;2236 641.100.000;1;Waschtischmöbel Alterna zero plus, Breite 121,6 cm, Höhe 35 cm, Tiefe 48,2 cm, 1 Schublade, , Weiss
;
;2234 329.100.000;1;Waschtischmöbel Alterna elena plus, Breite 96,4 cm, Höhe 45 cm, Tiefe 45 cm, 2 Schubladen, Tip-on, , Weiss
;
;2234 210.100.000;1;Waschtischmöbel Alterna elena plus, Breite 116,4 cm, Höhe 45 cm, Tiefe 45 cm, 2 Schubladen, Tip-on,, Weiss
;
;2234 015.100.000;1;Waschtischmöbel Alterna elena plus, Lackiert glanz, Breite 98,4 cm, Höhe 41 cm, Tiefe 47,2 cm, 1 , Weiss
;
;2236 608.100.000;1;Waschtischmöbel Alterna zero plus, Breite 71,6 cm, Höhe 35 cm, Tiefe 48,2 cm, 1 Schublade, , Weiss
;
;2234 300.100.000;1;Waschtischmöbel Alterna elena plus, Breite 116,4 cm, Höhe 45 cm, Tiefe 45 cm, 2 Schubladen, Tip-on,, Weiss
;
;2234 054.100.000;1;Waschtischmöbel Alterna elena plus, Lackiert glanz, Breite 118,4 cm, Höhe 41 cm, Tiefe 47,2 cm, 2 , Weiss
;
;2110 225.100.000;1;Waschtischmöbel Alterna calea plus, Breite 56,6 cm, Höhe 52,5 cm, Tiefe 44,8 cm, 2 Schubladen, , Weiss
;
;2232 554.100.000;1;Waschtischmöbel Alterna logica plus, Breite 121,4 cm, Höhe 40,2 cm, Tiefe 48,2 cm, 1 Schublade , Weiss
;
;2234 212.100.000;1;Waschtischmöbel Alterna elena plus, Breite 116,4 cm, Höhe 40 cm, Tiefe 45 cm, 2 Schubladen, Tip-on,, Weiss
;
;2236 282.100.000;1;Seitenschrank Alterna universale plus, Breite 35,2 cm, Höhe 102 cm, Tiefe 30,2 cm, 1 Türe, , Weiss
;
;2234 136.100.000;1;Waschtischmöbel Alterna elena plus, Breite 46,4 cm, Höhe 40 cm, Tiefe 45 cm, 1 Schublade, 1 , Weiss
;
;2110 221.100.000;1;Waschtischmöbel Alterna calea plus, Breite 51,6 cm, Höhe 52,5 cm, Tiefe 44,8 cm, 2 Schubladen, , Weiss
;
;2236 647.100.000;1;Waschtischmöbel Alterna zero plus, Breite 121,6 cm, Höhe 35 cm, Tiefe 48,2 cm, 3 Schubladen, , Weiss
;
;2234 298.100.000;1;Waschtischmöbel Alterna elena plus, Breite 76,4 cm, Höhe 45 cm, Tiefe 45 cm, 2 Schubladen, Tip-on, , Weiss
;
;2234 315.100.000;1;Waschtischmöbel Alterna elena plus, Breite 116,4 cm, Höhe 40 cm, Tiefe 45 cm, 1 Schublade, Tip-on, , Weiss
;
;2234 320.100.000;1;Waschtischmöbel Alterna elena plus, Breite 76,4 cm, Höhe 40 cm, Tiefe 45 cm, 1 Schublade, 1 , Weiss
;
;2232 570.100.000;1;Waschtischmöbel Alterna logica plus, Breite 146,4 cm, Höhe 40,2 cm, Tiefe 48,2 cm, 1 Schublade , Weiss
;
;2110 111.100.000;1;Wand-Klosett Alterna calea compact rimless, 49, silent-flush, verdeckte Befestigung, inkl. , Weiss
;
;2234 122.100.000;1;Waschtischmöbel Alterna elena plus, Breite 116,4 cm, Höhe 40 cm, Tiefe 45 cm, 2 Schubladen, Tip-on,, Weiss
;
;2110 442.100.000;1;Waschtischmöbel Alterna dinea plus, Breite 118,4 cm, Höhe 55 cm, Tiefe 45,1 cm, 4 Schubladen, , Weiss
;
;2231 932.100.000;1;Waschtischmöbel Alterna elena guest plus, Breite 52,5 cm, Höhe 55 cm, Tiefe 33,4 cm, 1 Türe, Band , Weiss
;
;2234 262.100.000;1;Waschtischmöbel Alterna elena plus, Breite 116,4 cm, Höhe 40 cm, Tiefe 45 cm, 1 Schublade, 1 , Weiss
;
;2234 208.100.000;1;Waschtischmöbel Alterna elena plus, Breite 76,4 cm, Höhe 45 cm, Tiefe 45 cm, 2 Schubladen, Tip-on, , Weiss
;
;2234 201.100.000;1;Waschtischmöbel Alterna elena plus, Breite 96,4 cm, Höhe 40 cm, Tiefe 45 cm, 1 Schublade, 1 , Weiss
;
;2110 438.100.000;1;Waschtischmöbel Alterna dinea plus, Breite 118,4 cm, Höhe 55 cm, Tiefe 45,1 cm, 2 Schubladen, , Weiss
;
;2234 226.100.000;1;Waschtischmöbel Alterna elena plus, Breite 46,4 cm, Höhe 40 cm, Tiefe 45 cm, 1 Schublade, 1 , Weiss
;
;2232 558.100.000;1;Waschtischmöbel Alterna logica plus, Breite 146,4 cm, Höhe 40,2 cm, Tiefe 48,2 cm, 1 Schublade , Weiss
;
;2234 036.100.000;1;Waschtischmöbel Alterna elena plus, Lackiert glanz, Breite 78,4 cm, Höhe 41 cm, Tiefe 47,2 cm, 1 , Weiss
;
;2236 581.100.000;1;Waschtischmöbel Alterna zero plus, Breite 146,6 cm, Höhe 52,5 cm, Tiefe 48,2 cm, 4 Schubladen, , Weiss
;
;2110 240.100.000;1;Waschtischmöbel Alterna calea plus, Breite 116,6 cm, Höhe 52,5 cm, Tiefe 45 cm, 4 Schubladen, , Weiss
;
;2232 518.100.000;1;Waschtischmöbel Alterna logica plus, Breite 121,4 cm, Höhe 40,2 cm, Tiefe 48,2 cm, 1 Schublade, , Weiss
;
;2232 567.100.000;1;Waschtischmöbel Alterna logica plus, Breite 146,4 cm, Höhe 40,2 cm, Tiefe 48,2 cm, 1 Schublade , Weiss
;
;2232 522.100.000;1;Waschtischmöbel Alterna logica plus, Breite 121,4 cm, Höhe 40,2 cm, Tiefe 48,2 cm, 1 Schublade, , Weiss
;
;2231 786.100.000;1;Waschtischmöbel Alterna green plus, Breite 98,4 cm, Höhe 55 cm, Tiefe 45,4 cm, 2 Schubladen, , Weiss
;
;2234 134.100.000;1;Waschtischmöbel Alterna elena plus, Breite 96,4 cm, Höhe 40 cm, Tiefe 45 cm, 1 Schublade, Tip-on, , Weiss
;
;2234 162.100.000;1;Waschtischmöbel Alterna elena plus, Breite 56,4 cm, Höhe 40 cm, Tiefe 45 cm, 1 Schublade, Tip-on, , Weiss
;
;2236 572.100.000;1;Waschtischmöbel Alterna zero plus, Breite 96,6 cm, Höhe 52,5 cm, Tiefe 48,2 cm, 2 Schubladen, , Weiss
;
;2110 233.100.000;1;Waschtischmöbel Alterna calea plus, Breite 76,6 cm, Höhe 52,5 cm, Tiefe 44,8 cm, 2 Schubladen, , Weiss
;
;2234 239.100.000;1;Waschtischmöbel Alterna elena plus, Breite 96,4 cm, Höhe 45 cm, Tiefe 45 cm, 2 Schubladen, Tip-on, , Weiss
;
;2234 259.100.000;1;Waschtischmöbel Alterna elena plus, Breite 76,4 cm, Höhe 40 cm, Tiefe 45 cm, 1 Schublade, 1 , Weiss
;
;2110 415.100.000;1;Waschtischmöbel Alterna dinea plus, Breite 43,4 cm, Höhe 55 cm, Tiefe 34,2 cm, 1 Türe, Band links, , Weiss
;
;2232 510.100.000;1;Waschtischmöbel Alterna logica plus, Breite 96,4 cm, Höhe 40,2 cm, Tiefe 48,2 cm, 1 Schublade, , Weiss
;
;2234 012.100.000;1;Waschtischmöbel Alterna elena plus, Lackiert glanz, Breite 78,4 cm, Höhe 41 cm, Tiefe 47,2 cm, 1 , Weiss
;
;2116 221.100.000;1;Waschtisch Alterna cubito, 85 x 48,5 cm, Armaturenloch, mit Überlauf, Weiss
;
;2234 034.100.000;1;Waschtischmöbel Alterna elena plus, Lackiert matt, Breite 58,4 cm, Höhe 41 cm, Tiefe 47,2 cm, 1 , Weiss
;
;2234 007.100.000;1;Waschtischmöbel Alterna elena plus, Lackiert matt, Breite 78,4 cm, Höhe 41 cm, Tiefe 47,2 cm, 1 , Weiss
;
;2232 536.100.000;1;Waschtischmöbel Alterna logica plus, Breite 96,4 cm, Höhe 40,2 cm, Tiefe 48,2 cm, 1 Schublade , Weiss
;
;2110 429.100.000;1;Waschtischmöbel Alterna dinea plus, Breite 78,4 cm, Höhe 55 cm, Tiefe 45,1 cm, 2 Schubladen, , Weiss
;
;2116 212.100.000;1;Waschtisch Alterna cubito, 60 x 45 cm, Armaturenloch, mit Überlauf, Weiss
;
;2234 181.100.000;1;Waschtischmöbel Alterna elena plus, Breite 116,4 cm, Höhe 45 cm, Tiefe 45 cm, 2 Schubladen, Tip-on,, Weiss
;
;2232 533.100.000;1;Waschtischmöbel Alterna logica plus, Breite 96,4 cm, Höhe 40,2 cm, Tiefe 48,2 cm, 1 Schublade , Weiss
;
;2232 530.100.000;1;Waschtischmöbel Alterna logica plus, Breite 96,4 cm, Höhe 40,2 cm, Tiefe 48,2 cm, 1 Schublade , Weiss
;
;2234 052.100.000;1;Waschtischmöbel Alterna elena plus, Lackiert matt, Breite 118,4 cm, Höhe 41 cm, Tiefe 47,2 cm, 1 , Weiss
;
;2234 318.100.000;1;Waschtischmöbel Alterna elena plus, Breite 76,4 cm, Höhe 40 cm, Tiefe 45 cm, 1 Schublade, 1 , Weiss
;
;2234 103.100.000;1;Waschtischmöbel Alterna elena plus, Breite 76,4 cm, Höhe 40 cm, Tiefe 45 cm, 1 Schublade, Tip-on, , Weiss
;
;2231 926.100.000;1;Waschtischmöbel Alterna elena guest plus, Breite 42,5 cm, Höhe 55 cm, Tiefe 33,4 cm, 1 Türe, Band , Weiss
;
;2234 251.100.000;1;Waschtischmöbel Alterna elena plus, Breite 46,4 cm, Höhe 40 cm, Tiefe 45 cm, 1 Schublade, Tip-on, , Weiss
;
;2234 319.100.000;1;Waschtischmöbel Alterna elena plus, Breite 76,4 cm, Höhe 40 cm, Tiefe 45 cm, 1 Schublade, 1 , Weiss
;
;2234 039.100.000;1;Waschtischmöbel Alterna elena plus, Lackiert glanz, Breite 78,4 cm, Höhe 41 cm, Tiefe 47,2 cm, 1 , Weiss
;
;2110 215.100.000;1;Waschtischmöbel Alterna calea plus, Breite 96,6 cm, Höhe 35 cm, Tiefe 44,8 cm, 1 Schublade, , Weiss
;
;2236 291.100.000;1;Hochschrank Alterna universale plus, Breite 35,2 cm, Höhe 165 cm, Tiefe 30,2 cm, 2 Türen, , Weiss
;
;2234 213.100.000;1;Waschtischmöbel Alterna elena plus, Breite 116,4 cm, Höhe 40 cm, Tiefe 45 cm, 2 Schubladen, 2 , Weiss
;
;2110 236.100.000;1;Waschtischmöbel Alterna calea plus, Breite 96,6 cm, Höhe 52,5 cm, Tiefe 44,8 cm, 2 Schubladen, , Weiss
;
;2234 253.100.000;1;Waschtischmöbel Alterna elena plus, Breite 76,4 cm, Höhe 40 cm, Tiefe 45 cm, 1 Schublade, Tip-on, , Weiss
;
;2110 324.501.000;1;Handtuchreling Alterna dinea, zu Waschtisch 80 cm, Verchromt
;
;2234 113.100.000;1;Waschtischmöbel Alterna elena plus, Breite 116,4 cm, Höhe 40 cm, Tiefe 45 cm, 1 Schublade, 1 , Weiss
;
;2116 426.100.000;1;Hochschrank Alterna universale slim, Breite 34,9 cm, Höhe 175 cm, Tiefe 30,4 cm, 1 Türe, Tip-on, , Weiss
;
;2234 042.100.000;1;Waschtischmöbel Alterna elena plus, Lackiert glanz, Breite 78,4 cm, Höhe 41 cm, Tiefe 47,2 cm, 1 , Weiss
;
;2234 019.100.000;1;Waschtischmöbel Alterna elena plus, Lackiert matt, Breite 118,4 cm, Höhe 41 cm, Tiefe 47,2 cm, 1 , Weiss
;
;2232 532.100.000;1;Waschtischmöbel Alterna logica plus, Breite 96,4 cm, Höhe 40,2 cm, Tiefe 48,2 cm, 1 Schublade , Weiss
;
;2236 614.100.000;1;Waschtischmöbel Alterna zero plus, Breite 71,6 cm, Höhe 35 cm, Tiefe 48,2 cm, 2 Schubladen, , Weiss
;
;2234 338.100.000;1;Hochschrank Alterna elena plus, Breite 35 cm, Höhe 165 cm, Tiefe 30 cm, 1 Türe, Band umkehrbar, , Weiss
;
;2234 200.100.000;1;Waschtischmöbel Alterna elena plus, Breite 76,4 cm, Höhe 40 cm, Tiefe 45 cm, 1 Schublade, 1 , Weiss
;
;2234 009.100.000;1;Waschtischmöbel Alterna elena plus, Lackiert glanz, Breite 78,4 cm, Höhe 41 cm, Tiefe 47,2 cm, 1 , Weiss
;
;2110 436.100.000;1;Waschtischmöbel Alterna dinea plus, Breite 118,4 cm, Höhe 55 cm, Tiefe 45,1 cm, 2 Schubladen, , Weiss
;
;2234 117.100.000;1;Waschtischmöbel Alterna elena plus, Breite 76,4 cm, Höhe 45 cm, Tiefe 45 cm, 2 Schubladen, Tip-on, , Weiss
;
;2234 193.100.000;1;Waschtischmöbel Alterna elena plus, Breite 76,4 cm, Höhe 40 cm, Tiefe 45 cm, 1 Schublade, Tip-on, , Weiss
;
;2234 255.100.000;1;Waschtischmöbel Alterna elena plus, Breite 116,4 cm, Höhe 40 cm, Tiefe 45 cm, 1 Schublade, Tip-on, , Weiss
;
;2112 610.100.000;1;Waschtischmöbel Alterna pro, Breite 44 cm, Höhe 39 cm, Tiefe 26,8 cm, 1 Türe, Festteil, ohne Griff,, Weiss
;
;2234 324.100.000;1;Waschtischmöbel Alterna elena plus, Breite 46,4 cm, Höhe 45 cm, Tiefe 45 cm, 2 Schubladen, Tip-on, , Weiss
;
;2110 228.100.000;1;Waschtischmöbel Alterna calea plus, Breite 76,6 cm, Höhe 52,5 cm, Tiefe 44,8 cm, 2 Schubladen, , Weiss
;
;2236 634.100.000;1;Waschtischmöbel Alterna zero plus, Breite 96,6 cm, Höhe 35 cm, Tiefe 48,2 cm, 3 Schubladen, , Weiss
;
;2232 559.100.000;1;Waschtischmöbel Alterna logica plus, Breite 146,4 cm, Höhe 40,2 cm, Tiefe 48,2 cm, 1 Schublade , Weiss
;
;2110 417.100.000;1;Waschtischmöbel Alterna dinea plus, Breite 48,4 cm, Höhe 55 cm, Tiefe 45,1 cm, 2 Schubladen, , Weiss
;
;2211 406.100.000;1;Waschtisch Alterna primo round, ohne Armaturenloch, 60 x 45 cm, mit Überlauf, Weiss
;
;2232 514.100.000;1;Waschtischmöbel Alterna logica plus, Breite 96,4 cm, Höhe 40,2 cm, Tiefe 48,2 cm, 1 Schublade, , Weiss
;
;2234 303.100.000;1;Waschtischmöbel Alterna elena plus, Breite 116,4 cm, Höhe 40 cm, Tiefe 45 cm, 2 Schubladen, 2 , Weiss
;
;2231 919.100.000;1;Waschtischmöbel Alterna elena guest plus, Breite 48,3 cm, Höhe 55 cm, Tiefe 24,1 cm, 1 Türe, Band , Weiss
;
;2236 644.100.000;1;Waschtischmöbel Alterna zero plus, Breite 121,6 cm, Höhe 35 cm, Tiefe 48,2 cm, 2 Schubladen, , Weiss
;
;2234 223.100.000;1;Waschtischmöbel Alterna elena plus, Breite 76,4 cm, Höhe 40 cm, Tiefe 45 cm, 1 Schublade, Tip-on, , Weiss
;
;2236 622.100.000;1;Waschtischmöbel Alterna zero plus, Breite 71,6 cm, Höhe 35 cm, Tiefe 48,2 cm, 3 Schubladen, , Weiss
;
;2110 216.100.000;1;Waschtischmöbel Alterna calea plus, Breite 96,6 cm, Höhe 35 cm, Tiefe 44,8 cm, 1 Schublade, , Weiss
;
;2234 267.100.000;1;Waschtischmöbel Alterna elena plus, Breite 76,4 cm, Höhe 45 cm, Tiefe 45 cm, 2 Schubladen, Tip-on, , Weiss
;
;2234 264.100.000;1;Waschtischmöbel Alterna elena plus, Breite 46,4 cm, Höhe 45 cm, Tiefe 45 cm, 2 Schubladen, Tip-on, , Weiss
;
;2110 112.100.000;1;Klosettsitz Alterna calea, mit Deckel, Scharniere Metall, mit Absenkautomatik, Weiss
;
;2110 207.100.000;1;Waschtischmöbel Alterna calea plus, Breite 51,6 cm, Höhe 35 cm, Tiefe 44,8 cm, 1 Schublade, , Weiss
;
;2233 191.501.000;1;Handtuchreling Catalano, zu 2233 118 / 119 / 128 / 129 / 132, Verchromt
;
;2236 658.100.000;1;Waschtischmöbel Alterna zero plus, Breite 146,6 cm, Höhe 35 cm, Tiefe 48,2 cm, 3 Schubladen, , Weiss
;
;2236 632.100.000;1;Waschtischmöbel Alterna zero plus, Breite 96,6 cm, Höhe 35 cm, Tiefe 48,2 cm, 2 Schubladen, , Weiss
;
;2110 430.100.000;1;Waschtischmöbel Alterna dinea plus, Breite 78,4 cm, Höhe 55 cm, Tiefe 45,1 cm, 2 Schubladen, , Weiss
;
;2236 642.100.000;1;Waschtischmöbel Alterna zero plus, Breite 121,6 cm, Höhe 35 cm, Tiefe 48,2 cm, 1 Schublade, , Weiss
;
;2234 291.100.000;1;Waschtischmöbel Alterna elena plus, Breite 96,4 cm, Höhe 40 cm, Tiefe 45 cm, 1 Schublade, 1 , Weiss
;
;2234 143.100.000;1;Waschtischmöbel Alterna elena plus, Breite 116,4 cm, Höhe 40 cm, Tiefe 45 cm, 1 Schublade, 1 , Weiss
;
;2234 228.100.000;1;Waschtischmöbel Alterna elena plus, Breite 76,4 cm, Höhe 40 cm, Tiefe 45 cm, 1 Schublade, 1 , Weiss
;
;2110 200.100.000;1;Waschtischmöbel Alterna calea plus, Breite 42 cm, Höhe 52,5 cm, Tiefe 35,2 cm, 1 Türe, Band links, , Weiss
;
;2234 027.100.000;1;Hochschrank Alterna elena plus, Lackiert glanz, Breite 34,9 cm, Höhe 165 cm, Tiefe 31,7 cm, 1 Türe,, Weiss
;
;2236 618.100.000;1;Waschtischmöbel Alterna zero plus, Breite 71,6 cm, Höhe 35 cm, Tiefe 48,2 cm, 3 Schubladen, , Weiss
;
;2232 566.100.000;1;Waschtischmöbel Alterna logica plus, Breite 146,4 cm, Höhe 40,2 cm, Tiefe 48,2 cm, 1 Schublade , Weiss
;
;2234 205.100.000;1;Waschtischmöbel Alterna elena plus, Breite 56,4 cm, Höhe 45 cm, Tiefe 45 cm, 2 Schubladen, Tip-on, , Weiss
;
;2236 531.100.000;1;Waschtischmöbel Alterna zero plus, Breite 71,6 cm, Höhe 52,5 cm, Tiefe 48,2 cm, 2 Schubladen, , Weiss
;
;2234 137.100.000;1;Waschtischmöbel Alterna elena plus, Breite 56,4 cm, Höhe 40 cm, Tiefe 45 cm, 1 Schublade, 1 , Weiss
;
;2234 229.100.000;1;Waschtischmöbel Alterna elena plus, Breite 76,4 cm, Höhe 40 cm, Tiefe 45 cm, 1 Schublade, 1 , Weiss
;
;2234 192.100.000;1;Waschtischmöbel Alterna elena plus, Breite 56,4 cm, Höhe 40 cm, Tiefe 45 cm, 1 Schublade, Tip-on, , Weiss
;
;2231 923.100.000;1;Waschtischmöbel Alterna elena guest plus, Breite 42,5 cm, Höhe 55 cm, Tiefe 33,4 cm, 1 Türe, Band , Weiss
;
;2211 451.100.000;1;Wand-Klosett Alterna primo rimless, 53, sichtbare Befestigung, für Einbauspülkasten, Weiss
;
;2234 272.100.000;1;Waschtischmöbel Alterna elena plus, Breite 116,4 cm, Höhe 40 cm, Tiefe 45 cm, 2 Schubladen, Tip-on,, Weiss
;
;2116 429.100.000;1;Hochschrank Alterna universale slim, Breite 34,9 cm, Höhe 175 cm, Tiefe 30,4 cm, 2 Türen, , Weiss
;
;2234 312.100.000;1;Waschtischmöbel Alterna elena plus, Breite 56,4 cm, Höhe 40 cm, Tiefe 45 cm, 1 Schublade, Tip-on, , Weiss
;
;2234 049.100.000;1;Waschtischmöbel Alterna elena plus, Lackiert matt, Breite 118,4 cm, Höhe 41 cm, Tiefe 47,2 cm, 1 , Weiss
;
;2232 502.100.000;1;Waschtischmöbel Alterna logica plus, Breite 71,4 cm, Höhe 40,2 cm, Tiefe 48,2 cm, 1 Schublade, , Weiss
;
;2232 527.100.000;1;Waschtischmöbel Alterna logica plus, Breite 96,4 cm, Höhe 40,2 cm, Tiefe 48,2 cm, 1 Schublade , Weiss
;
;2232 540.100.000;1;Waschtischmöbel Alterna logica plus, Breite 121,4 cm, Höhe 40,2 cm, Tiefe 48,2 cm, 1 Schublade , Weiss
;
;2110 222.100.000;1;Waschtischmöbel Alterna calea plus, Breite 51,6 cm, Höhe 52,5 cm, Tiefe 44,8 cm, 2 Schubladen, , Weiss
;
;2232 545.100.000;1;Waschtischmöbel Alterna logica plus, Breite 121,4 cm, Höhe 40,2 cm, Tiefe 48,2 cm, 1 Schublade , Weiss
;
;2110 227.100.000;1;Waschtischmöbel Alterna calea plus, Breite 76,6 cm, Höhe 52,5 cm, Tiefe 44,8 cm, 2 Schubladen, , Weiss
;
;2232 513.100.000;1;Waschtischmöbel Alterna logica plus, Breite 96,4 cm, Höhe 40,2 cm, Tiefe 48,2 cm, 1 Schublade, , Weiss
;
;2211 405.100.000;1;Waschtisch Alterna primo round, Armaturenloch, 60 x 45 cm, mit Überlauf, Weiss
;
;2110 418.100.000;1;Waschtischmöbel Alterna dinea plus, Breite 48,4 cm, Höhe 55 cm, Tiefe 45,1 cm, 2 Schubladen, , Weiss
;
;2234 043.100.000;1;Waschtischmöbel Alterna elena plus, Lackiert matt, Breite 78,4 cm, Höhe 41 cm, Tiefe 47,2 cm, 1 , Weiss
;
;2236 546.100.000;1;Waschtischmöbel Alterna zero plus, Breite 121,6 cm, Höhe 52,5 cm, Tiefe 48,2 cm, 4 Schubladen, , Weiss
;
;2116 201.100.000;1;Wandbecken Alterna cubito, 45 x 34 cm, Armaturenloch, mit Überlauf, Weiss
;
;2232 535.100.000;1;Waschtischmöbel Alterna logica plus, Breite 96,4 cm, Höhe 40,2 cm, Tiefe 48,2 cm, 1 Schublade , Weiss
;
;2234 118.100.000;1;Waschtischmöbel Alterna elena plus, Breite 76,4 cm, Höhe 45 cm, Tiefe 45 cm, 2 Schubladen, Tip-on, , Weiss
;
;2110 420.100.000;1;Waschtischmöbel Alterna dinea plus, Breite 58,4 cm, Höhe 55 cm, Tiefe 45,1 cm, 2 Schubladen, , Weiss
;
;2231 920.100.000;1;Waschtischmöbel Alterna elena guest plus, Breite 48,3 cm, Höhe 55 cm, Tiefe 24,1 cm, 1 Türe, Band , Weiss
;
;2234 166.100.000;1;Waschtischmöbel Alterna elena plus, Breite 46,4 cm, Höhe 40 cm, Tiefe 45 cm, 1 Schublade, 1 , Weiss
;
;2234 167.100.000;1;Waschtischmöbel Alterna elena plus, Breite 56,4 cm, Höhe 40 cm, Tiefe 45 cm, 1 Schublade, 1 , Weiss
;
;2234 297.100.000;1;Waschtischmöbel Alterna elena plus, Breite 76,4 cm, Höhe 45 cm, Tiefe 45 cm, 2 Schubladen, Tip-on, , Weiss
;
;2234 109.100.000;1;Waschtischmöbel Alterna elena plus, Breite 76,4 cm, Höhe 40 cm, Tiefe 45 cm, 1 Schublade, 1 , Weiss
;
;2234 199.100.000;1;Waschtischmöbel Alterna elena plus, Breite 76,4 cm, Höhe 40 cm, Tiefe 45 cm, 1 Schublade, 1 , Weiss
;
;2232 548.100.000;1;Waschtischmöbel Alterna logica plus, Breite 121,4 cm, Höhe 40,2 cm, Tiefe 48,2 cm, 1 Schublade , Weiss
;
;2211 409.100.000;1;Waschtisch Alterna primo, 100 x 48 cm, Armaturenloch, mit Überlauf, Weiss
;
;2236 547.100.000;1;Waschtischmöbel Alterna zero plus, Breite 121,6 cm, Höhe 52,5 cm, Tiefe 48,2 cm, 4 Schubladen, , Weiss
;
;2232 528.100.000;1;Waschtischmöbel Alterna logica plus, Breite 96,4 cm, Höhe 40,2 cm, Tiefe 48,2 cm, 1 Schublade , Weiss
;
;2234 172.100.000;1;Waschtischmöbel Alterna elena plus, Breite 116,4 cm, Höhe 40 cm, Tiefe 45 cm, 1 Schublade, 1 , Weiss
;
;2234 207.100.000;1;Waschtischmöbel Alterna elena plus, Breite 76,4 cm, Höhe 45 cm, Tiefe 45 cm, 2 Schubladen, Tip-on, , Weiss
;
;2236 615.100.000;1;Waschtischmöbel Alterna zero plus, Breite 71,6 cm, Höhe 35 cm, Tiefe 48,2 cm, 2 Schubladen, , Weiss
;
;2234 265.100.000;1;Waschtischmöbel Alterna elena plus, Breite 56,4 cm, Höhe 45 cm, Tiefe 45 cm, 2 Schubladen, Tip-on, , Weiss
;
;2110 231.100.000;1;Waschtischmöbel Alterna calea plus, Breite 76,6 cm, Höhe 52,5 cm, Tiefe 44,8 cm, 2 Schubladen, , Weiss
;
;2234 151.100.000;1;Waschtischmöbel Alterna elena plus, Breite 116,4 cm, Höhe 45 cm, Tiefe 45 cm, 2 Schubladen, Tip-on,, Weiss
;
;2110 224.100.000;1;Waschtischmöbel Alterna calea plus, Breite 56,6 cm, Höhe 52,5 cm, Tiefe 44,8 cm, 2 Schubladen, , Weiss
;
;2232 551.100.000;1;Waschtischmöbel Alterna logica plus, Breite 121,4 cm, Höhe 40,2 cm, Tiefe 48,2 cm, 1 Schublade , Weiss
;
;2234 116.100.000;1;Waschtischmöbel Alterna elena plus, Breite 76,4 cm, Höhe 45 cm, Tiefe 45 cm, 2 Schubladen, Tip-on, , Weiss
;
;2232 569.100.000;1;Waschtischmöbel Alterna logica plus, Breite 146,4 cm, Höhe 40,2 cm, Tiefe 48,2 cm, 1 Schublade , Weiss
;
;2234 238.100.000;1;Waschtischmöbel Alterna elena plus, Breite 76,4 cm, Höhe 45 cm, Tiefe 45 cm, 2 Schubladen, Tip-on, , Weiss
;
;2234 313.100.000;1;Waschtischmöbel Alterna elena plus, Breite 76,4 cm, Höhe 40 cm, Tiefe 45 cm, 1 Schublade, Tip-on, , Weiss
;
;2231 929.100.000;1;Waschtischmöbel Alterna elena guest plus, Breite 52,5 cm, Höhe 55 cm, Tiefe 33,4 cm, 1 Türe, Band , Weiss
;
;2234 270.100.000;1;Waschtischmöbel Alterna elena plus, Breite 116,4 cm, Höhe 45 cm, Tiefe 45 cm, 2 Schubladen, Tip-on,, Weiss
;
;2232 542.100.000;1;Waschtischmöbel Alterna logica plus, Breite 121,4 cm, Höhe 40,2 cm, Tiefe 48,2 cm, 1 Schublade , Weiss
;
;2110 210.100.000;1;Waschtischmöbel Alterna calea plus, Breite 56,6 cm, Höhe 35 cm, Tiefe 44,8 cm, 1 Schublade, , Weiss
;
;2232 526.100.000;1;Waschtischmöbel Alterna logica plus, Breite 96,4 cm, Höhe 40,2 cm, Tiefe 48,2 cm, 1 Schublade , Weiss
;
;2234 195.100.000;1;Waschtischmöbel Alterna elena plus, Breite 116,4 cm, Höhe 40 cm, Tiefe 45 cm, 1 Schublade, Tip-on, , Weiss
;
;2232 553.100.000;1;Waschtischmöbel Alterna logica plus, Breite 121,4 cm, Höhe 40,2 cm, Tiefe 48,2 cm, 1 Schublade , Weiss
;
;2110 414.100.000;1;Waschtischmöbel Alterna dinea plus, Breite 43,4 cm, Höhe 55 cm, Tiefe 34,2 cm, 1 Türe, Band links, , Weiss
;
;2234 197.100.000;1;Waschtischmöbel Alterna elena plus, Breite 56,4 cm, Höhe 40 cm, Tiefe 45 cm, 1 Schublade, 1 , Weiss
;
;2232 503.100.000;1;Waschtischmöbel Alterna logica plus, Breite 71,4 cm, Höhe 40,2 cm, Tiefe 48,2 cm, 1 Schublade, , Weiss
;
;2234 326.100.000;1;Waschtischmöbel Alterna elena plus, Breite 76,4 cm, Höhe 45 cm, Tiefe 45 cm, 2 Schubladen, Tip-on, , Weiss
;
;2110 206.100.000;1;Waschtischmöbel Alterna calea plus, Breite 51,6 cm, Höhe 35 cm, Tiefe 44,8 cm, 1 Schublade, , Weiss
;
;2234 164.100.000;1;Waschtischmöbel Alterna elena plus, Breite 96,4 cm, Höhe 40 cm, Tiefe 45 cm, 1 Schublade, Tip-on, , Weiss
;
;2234 006.100.000;1;Waschtischmöbel Alterna elena plus, Lackiert glanz, Breite 78,4 cm, Höhe 41 cm, Tiefe 47,2 cm, 1 , Weiss
;
;2234 016.100.000;1;Waschtischmöbel Alterna elena plus, Lackiert matt, Breite 98,4 cm, Höhe 41 cm, Tiefe 47,2 cm, 1 , Weiss
;
;2234 184.100.000;1;Waschtischmöbel Alterna elena plus, Breite 116,4 cm, Höhe 45 cm, Tiefe 45 cm, 4 Schubladen, Tip-on,, Weiss
;
;2234 010.100.000;1;Waschtischmöbel Alterna elena plus, Lackiert matt, Breite 78,4 cm, Höhe 41 cm, Tiefe 47,2 cm, 1 , Weiss
;
;2110 230.100.000;1;Waschtischmöbel Alterna calea plus, Breite 76,6 cm, Höhe 52,5 cm, Tiefe 44,8 cm, 2 Schubladen, , Weiss
;
;2116 856.100.000;1;Klosettsitz Alterna modena SX, mit Deckel, Absenkautomatik, abnehmbar, Weiss
;
;2234 196.100.000;1;Waschtischmöbel Alterna elena plus, Breite 46,4 cm, Höhe 40 cm, Tiefe 45 cm, 1 Schublade, 1 , Weiss
;
;2234 001.100.000;1;Waschtischmöbel Alterna elena plus, Lackiert matt, Breite 48,4 cm, Höhe 41 cm, Tiefe 47,2 cm, 1 , Weiss
;
;2234 150.100.000;1;Waschtischmöbel Alterna elena plus, Breite 116,4 cm, Höhe 45 cm, Tiefe 45 cm, 2 Schubladen, Tip-on,, Weiss
;
;2231 781.100.000;1;Waschtischmöbel Alterna green plus, Breite 58,4 cm, Höhe 55 cm, Tiefe 45,4 cm, 2 Schubladen, , Weiss
;
;2110 234.100.000;1;Waschtischmöbel Alterna calea plus, Breite 76,6 cm, Höhe 52,5 cm, Tiefe 44,8 cm, 2 Schubladen, , Weiss
;
;2232 517.100.000;1;Waschtischmöbel Alterna logica plus, Breite 121,4 cm, Höhe 40,2 cm, Tiefe 48,2 cm, 1 Schublade, , Weiss
;
;2234 304.100.000;1;Waschtischmöbel Alterna elena plus, Breite 116,4 cm, Höhe 45 cm, Tiefe 45 cm, 4 Schubladen, Tip-on,, Weiss
;
;2234 330.100.000;1;Waschtischmöbel Alterna elena plus, Breite 116,4 cm, Höhe 45 cm, Tiefe 45 cm, 2 Schubladen, Tip-on,, Weiss
;
;2232 504.100.000;1;Waschtischmöbel Alterna logica plus, Breite 71,4 cm, Höhe 40,2 cm, Tiefe 48,2 cm, 1 Schublade, , Weiss
;
;2234 152.100.000;1;Waschtischmöbel Alterna elena plus, Breite 116,4 cm, Höhe 40 cm, Tiefe 45 cm, 2 Schubladen, Tip-on,, Weiss
;
;2234 058.100.000;1;Hochschrank Alterna elena plus, Lackiert matt, Breite 34,9 cm, Höhe 165 cm, Tiefe 31,7 cm, 1 Türe, , Weiss
;
;2236 635.100.000;1;Waschtischmöbel Alterna zero plus, Breite 96,6 cm, Höhe 35 cm, Tiefe 48,2 cm, 3 Schubladen, , Weiss
;
;2234 102.100.000;1;Waschtischmöbel Alterna elena plus, Breite 56,4 cm, Höhe 40 cm, Tiefe 45 cm, 1 Schublade, Tip-on, , Weiss
;
;2110 104.100.000;1;Waschtisch Alterna calea, Abstellfläche rechts, 80 x 46 cm, Armaturenloch, mit Überlauf, Weiss
;
;2234 327.100.000;1;Waschtischmöbel Alterna elena plus, Breite 76,4 cm, Höhe 45 cm, Tiefe 45 cm, 2 Schubladen, Tip-on, , Weiss
;
;2232 547.100.000;1;Waschtischmöbel Alterna logica plus, Breite 121,4 cm, Höhe 40,2 cm, Tiefe 48,2 cm, 1 Schublade , Weiss
;
;2234 243.100.000;1;Waschtischmöbel Alterna elena plus, Breite 116,4 cm, Höhe 40 cm, Tiefe 45 cm, 2 Schubladen, 2 , Weiss
;
;2232 524.100.000;1;Waschtischmöbel Alterna logica plus, Breite 96,4 cm, Höhe 40,2 cm, Tiefe 48,2 cm, 1 Schublade , Weiss
;
;2234 124.100.000;1;Waschtischmöbel Alterna elena plus, Breite 116,4 cm, Höhe 45 cm, Tiefe 45 cm, 4 Schubladen, Tip-on,, Weiss
;
;2234 048.100.000;1;Waschtischmöbel Alterna elena plus, Lackiert glanz, Breite 118,4 cm, Höhe 41 cm, Tiefe 47,2 cm, 1 , Weiss
;
;2234 128.100.000;1;Hochschrank Alterna elena plus, Breite 35 cm, Höhe 165 cm, Tiefe 30 cm, 1 Türe, Band umkehrbar, , Weiss
;
;2234 317.100.000;1;Waschtischmöbel Alterna elena plus, Breite 56,4 cm, Höhe 40 cm, Tiefe 45 cm, 1 Schublade, 1 , Weiss
;
;2116 996.501.000;1;Handtuchreling Alterna modena S, zu 2116 903 / 904, Verchromt
;
;2236 529.100.000;1;Waschtischmöbel Alterna zero plus, Breite 56,6 cm, Höhe 52,5 cm, Tiefe 48,2 cm, 2 Schubladen, , Weiss
;
;2236 288.100.000;1;Hochschrank Alterna universale plus, Breite 35,2 cm, Höhe 165 cm, Tiefe 30,2 cm, 2 Türen, , Weiss
;
;2234 209.100.000;1;Waschtischmöbel Alterna elena plus, Breite 96,4 cm, Höhe 45 cm, Tiefe 45 cm, 2 Schubladen, Tip-on, , Weiss
;
;2211 410.100.000;1;Doppelwaschtisch Alterna primo, 120 x 48 cm, mit 2 Armaturenlöcher, mit Überlauf, Weiss
;
;2234 325.100.000;1;Waschtischmöbel Alterna elena plus, Breite 56,4 cm, Höhe 45 cm, Tiefe 45 cm, 2 Schubladen, Tip-on, , Weiss
;
;2211 491.100.000;1;Wand-Bidet Alterna primo, Armaturenloch, sichtbare Befestigung, Weiss
;
;2234 202.100.000;1;Waschtischmöbel Alterna elena plus, Breite 116,4 cm, Höhe 40 cm, Tiefe 45 cm, 1 Schublade, 1 , Weiss
;
;2110 325.501.000;1;Handtuchreling Alterna dinea, zu Waschtisch 100 cm, Verchromt
;
;2234 290.100.000;1;Waschtischmöbel Alterna elena plus, Breite 76,4 cm, Höhe 40 cm, Tiefe 45 cm, 1 Schublade, 1 , Weiss
;
;2231 784.100.000;1;Waschtischmöbel Alterna green plus, Breite 78,4 cm, Höhe 55 cm, Tiefe 45,4 cm, 2 Schubladen, , Weiss
;
;2211 450.100.000;1;Wand-Klosett Alterna primo, 53, sichtbare Befestigung, für Einbauspülkasten, Weiss
;
;2234 287.100.000;1;Waschtischmöbel Alterna elena plus, Breite 56,4 cm, Höhe 40 cm, Tiefe 45 cm, 1 Schublade, 1 , Weiss
;
;2234 175.100.000;1;Waschtischmöbel Alterna elena plus, Breite 56,4 cm, Höhe 45 cm, Tiefe 45 cm, 2 Schubladen, Tip-on, , Weiss
;
;2232 544.100.000;1;Waschtischmöbel Alterna logica plus, Breite 121,4 cm, Höhe 40,2 cm, Tiefe 48,2 cm, 1 Schublade , Weiss
;
;2234 165.100.000;1;Waschtischmöbel Alterna elena plus, Breite 116,4 cm, Höhe 40 cm, Tiefe 45 cm, 1 Schublade, Tip-on, , Weiss
;
;2234 234.100.000;1;Waschtischmöbel Alterna elena plus, Breite 46,4 cm, Höhe 45 cm, Tiefe 45 cm, 2 Schubladen, Tip-on, , Weiss
;
;2236 628.100.000;1;Waschtischmöbel Alterna zero plus, Breite 96,6 cm, Höhe 35 cm, Tiefe 48,2 cm, 2 Schubladen, , Weiss
;
;2116 891.501.000;1;Handtuchreling Alterna modena, zu 2116 801 / 803, Verchromt
;
;2116 914.100.000;1;Klosettsitz Catalano, zu Zero, Sfera, Alterna modena S-Tec, mit Deckel, Absenkautomatik, abnehmbar,, Weiss
;
;2234 248.100.000;1;Hochschrank Alterna elena plus, Breite 35 cm, Höhe 165 cm, Tiefe 30 cm, 1 Türe, Band umkehrbar, , Weiss
;
;2110 110.100.000;1;Wand-Klosett Alterna calea rimless, 54, silent-flush, verdeckte Befestigung, inkl. , Weiss
;
;2234 231.100.000;1;Waschtischmöbel Alterna elena plus, Breite 96,4 cm, Höhe 40 cm, Tiefe 45 cm, 1 Schublade, 1 , Weiss
;
;2234 278.100.000;1;Hochschrank Alterna elena plus, Breite 35 cm, Höhe 165 cm, Tiefe 30 cm, 1 Türe, Band umkehrbar, , Weiss
;
;2231 925.100.000;1;Waschtischmöbel Alterna elena guest plus, Breite 42,5 cm, Höhe 55 cm, Tiefe 33,4 cm, 1 Türe, Band , Weiss
;
;2234 273.100.000;1;Waschtischmöbel Alterna elena plus, Breite 116,4 cm, Höhe 40 cm, Tiefe 45 cm, 2 Schubladen, 2 , Weiss
;
;2116 421.713.000;1;Hochschrank Alterna universale slim, Breite 34,9 cm, Höhe 175 cm, Tiefe 30,4 cm, 1 Türe, Tip-on, , Weiss hochglanz
;
;2110 513.713.000;1;Waschtischmöbel Alterna meda S, Breite 98,4 cm, Höhe 56 cm, Tiefe 45,1 cm, 2 Schubladen, , Weiss hochglanz
;
;2110 157.379.000;1;Waschtischmöbel Alterna calea S, Breite 98,2 cm, Höhe 52,5 cm, Tiefe 44,5 cm, 2 Schubladen, , Premium weiss
;
;2110 409.379.000;1;Waschtischmöbel Alterna dinea S, Breite 118,4 cm, Höhe 55 cm, Tiefe 45,1 cm, 2 Schubladen, , Premium weiss
;
;2233 206.379.000;1;Waschtischmöbel Alterna elena S, Breite 95,7 cm, Höhe 45 cm, Tiefe 44,5 cm, 2 Schubladen, , Premium weiss
;
;2112 009.379.000;1;Waschtischmöbel Alterna pro S, Breite 61,4 cm, Höhe 41,3 cm, Tiefe 44,3 cm, 1 Schublade, , Premium weiss
;
;2110 403.379.000;1;Waschtischmöbel Alterna dinea S, Breite 58,4 cm, Höhe 55 cm, Tiefe 45,1 cm, 2 Schubladen, , Premium weiss
;
;2110 303.105.000;1;Waschtisch Alterna dinea, ohne Armaturenloch, 50 x 46 cm, mit Überlauf, Befestigungsmaterial, Weiss Cleaneffekt
;
;2233 103.105.000;1;Wandbecken Alterna elena, Armaturenloch, 40 x 32 cm, ohne Überlauf, Befestigungsmaterial, Weiss Cleaneffekt
;
;2112 006.379.000;1;Waschtischmöbel Alterna pro S, Breite 56,4 cm, Höhe 56,3 cm, Tiefe 36,2 cm, 2 Türen, Griffleisten, , Premium weiss
;
;2112 015.379.000;1;Waschtischmöbel Alterna pro S, Breite 126,4 cm, Höhe 41,3 cm, Tiefe 44,3 cm, 2 Schubladen, , Premium weiss
;
;2233 111.105.000;1;Waschtisch Alterna elena, Armaturenloch, 50 x 47 cm, mit Überlauf, Befestigungsmaterial, Weiss Cleaneffekt
;
;2110 178.379.000;1;Waschtischmöbel Alterna calea S, Breite 118,2 cm, Höhe 52,5 cm, Tiefe 44,5 cm, Schublade, , Premium weiss
;
;2110 175.379.000;1;Waschtischmöbel Alterna calea S, Breite 98,2 cm, Höhe 52,5 cm, Tiefe 44,5 cm, Schublade, , Premium weiss
;
;2112 003.379.000;1;Waschtischmöbel Alterna pro S, Breite 44,5 cm, Höhe 56,3 cm, Tiefe 26,2 cm, 1 Türe, Griffleiste, , Premium weiss
;
;2112 018.379.000;1;Waschtischmöbel Alterna pro S, Breite 61,4 cm, Höhe 56,3 cm, Tiefe 44,3 cm, 2 Schubladen, , Premium weiss
;
;2233 143.105.000;1;Auflegewaschtisch Alterna elena, 80 x 47 cm, Armaturenloch, Höhe 12 cm, mit Überlauf, Unterteil , Weiss Cleaneffekt
;
;2233 114.105.000;1;Waschtisch Alterna elena, Armaturenloch, 80 x 47 cm, mit Überlauf, Abstellfläche links, , Weiss Cleaneffekt
;
;2231 902.379.000;1;Waschtischmöbel Alterna elena guest S, Breite 48,3 cm, Höhe 55 cm, Tiefe 24,1 cm, 1 Türe, , Premium weiss
;
;2110 186.379.000;1;Waschtischmöbel Alterna calea S, Breite 118,2 cm, Höhe 52,5 cm, Tiefe 44,5 cm, 3 Schubladen, , Premium weiss
;
;2110 162.379.000;1;Waschtischmöbel Alterna calea S, Breite 53,2 cm, Höhe 52,5 cm, Tiefe 44,5 cm, Schublade, , Premium weiss
;
;2110 152.379.000;1;Waschtischmöbel Alterna calea S, Breite 53,2 cm, Höhe 52,5 cm, Tiefe 44,5 cm, 2 Schubladen, , Premium weiss
;
;2231 743.105.000;1;Auflegewaschtisch Alterna dinea, 50 x 38 cm, Höhe 8 cm, Befestigungsmaterial, ohne Armaturenbank, , Weiss Cleaneffekt
;
;2112 024.379.000;1;Waschtischmöbel Alterna pro S, Breite 116,4 cm, Höhe 56,3 cm, Tiefe 44,3 cm, 4 Schubladen, , Premium weiss
;
;2110 317.105.000;1;Doppelwaschtisch Alterna dinea, ohne Armaturenlöcher, 120 x 46 cm, mit Überlauf, , Weiss Cleaneffekt
;
;2116 491.379.000;1;Hochschrank Alterna universale S, Breite 35 cm, Höhe 165 cm, Tiefe 30,3 cm, 2 Türen, Griffleisten, , Premium weiss
;
;2116 808.105.000;1;Waschtisch Alterna modena, Armaturenloch, 50 x 40 cm, mit Überlauf, Befestigungsmaterial, Weiss Cleaneffekt
;
;2110 302.105.000;1;Waschtisch Alterna dinea, Armaturenloch, 50 x 46 cm, mit Überlauf, Befestigungsmaterial, Weiss Cleaneffekt
;
;2236 438.713.000;1;Waschtischmöbel Alterna zero S, Breite 96,4 cm, Höhe 55 cm, Tiefe 48 cm, 2 Schubladen, , Weiss hochglanz
;
;2233 201.379.000;1;Waschtischmöbel Alterna elena S, Breite 45,7 cm, Höhe 45 cm, Tiefe 44,5 cm, 2 Schubladen, , Premium weiss
;
;2233 146.105.000;1;Auflegewaschtisch Alterna elena, 50 x 47 cm, ohne Armaturenloch, Höhe 12 cm, mit Überlauf, , Weiss Cleaneffekt
;
;2233 125.105.000;1;Waschtisch Alterna elena, ohne Armaturenloch, 80 x 47 cm, mit Überlauf, Abstellfläche rechts, , Weiss Cleaneffekt
;
;2110 164.379.000;1;Waschtischmöbel Alterna calea S, Breite 58,2 cm, Höhe 52,5 cm, Tiefe 44,5 cm, Schublade, , Premium weiss
;
;2112 027.379.000;1;Waschtischmöbel Alterna pro S, Breite 41 cm, Höhe 56,3 cm, Tiefe 32,5 cm, 1 Türe, Griff verchromt, , Premium weiss
;
;2116 415.379.000;1;Waschtischmöbel Alterna modena S, Breite 121,4 cm, Höhe 55 cm, Tiefe 48 cm, 4 Schubladen, , Premium weiss
;
;2110 315.105.000;1;Waschtisch Alterna dinea, ohne Armaturenloch, 120 x 46 cm, mit Überlauf, Befestigungsmaterial, Weiss Cleaneffekt
;
;2110 153.379.000;1;Waschtischmöbel Alterna calea S, Breite 58,2 cm, Höhe 52,5 cm, Tiefe 44,5 cm, 2 Schubladen, , Premium weiss
;
;2110 185.379.000;1;Waschtischmöbel Alterna calea S, Breite 118,2 cm, Höhe 52,5 cm, Tiefe 44,5 cm, 3 Schubladen, , Premium weiss
;
;2110 180.379.000;1;Waschtischmöbel Alterna calea S, Breite 118,2 cm, Höhe 52,5 cm, Tiefe 44,5 cm, Schublade, , Premium weiss
;
;2110 511.713.000;1;Waschtischmöbel Alterna meda S, Breite 78,4 cm, Höhe 56 cm, Tiefe 45,1 cm, 2 Schubladen, , Weiss hochglanz
;
;2110 154.379.000;1;Waschtischmöbel Alterna calea S, Breite 78,2 cm, Höhe 52,5 cm, Tiefe 44,5 cm, 2 Schubladen, , Premium weiss
;
;2110 161.379.000;1;Waschtischmöbel Alterna calea S, Breite 53,2 cm, Höhe 52,5 cm, Tiefe 44,5 cm, Schublade, , Premium weiss
;
;2112 012.379.000;1;Waschtischmöbel Alterna pro S, Breite 101,3 cm, Höhe 41,3 cm, Tiefe 44,3 cm, 1 Schublade, , Premium weiss
;
;2112 039.379.000;1;Waschtischmöbel Alterna pro S, Breite 116,4 cm, Höhe 41,3 cm, Tiefe 44,3 cm, 1 Schublade, Griff , Premium weiss
;
;2110 196.379.000;1;Waschtischmöbel Alterna calea S, Breite 118,2 cm, Höhe 46 cm, Tiefe 44,5 cm, Schublade, , Premium weiss
;
;2110 165.379.000;1;Waschtischmöbel Alterna calea S, Breite 58,2 cm, Höhe 52,5 cm, Tiefe 44,5 cm, Schublade, , Premium weiss
;
;2233 116.105.000;1;Waschtisch Alterna elena, Armaturenloch, 100 x 47 cm, mit Überlauf, Befestigungsmaterial, Weiss Cleaneffekt
;
;2233 119.105.000;1;Doppelwaschtisch Alterna elena, mit 2 Armaturenlöcher, 120 x 47 cm, mit Überlauf, , Weiss Cleaneffekt
;
;2116 513.713.000;1;Waschtischmöbel Alterna cubito 3, Breite 61 cm, Höhe 48,6 cm, Tiefe 44,5 cm, 2 Schubladen, , Weiss hochglanz
;
;2112 007.379.000;1;Waschtischmöbel Alterna pro S, Breite 51,4 cm, Höhe 41,3 cm, Tiefe 44,3 cm, 1 Schublade, , Premium weiss
;
;2112 026.379.000;1;Waschtischmöbel Alterna pro S, Breite 41 cm, Höhe 56,3 cm, Tiefe 32,5 cm, 1 Türe, Griff verchromt, , Premium weiss
;
;2231 602.105.000;1;Handwaschbecken Alterna elena, ohne Armaturenloch, 40 x 23 cm, ohne Überlauf, Befestigungsmaterial, Weiss Cleaneffekt
;
;2116 908.105.000;1;Waschtisch Alterna modena S, ohne Armaturenloch, 100 x 50 cm, mit Überlauf, Befestigungsmaterial, Weiss Cleaneffekt
;
;2116 900.105.000;1;Wand-Klosett Alterna modena S-Tec rimless, 55, silentech, Befestigung verdeckt, für , Weiss Cleaneffekt
;
;2231 751.105.000;1;Auflegebecken Alterna dinea, 40 x 40 cm, Höhe 14 cm, ohne Überlauf, ohne Armaturenbank, Weiss Cleaneffekt
;
;2110 170.713.000;1;Waschtischmöbel Alterna calea S, Breite 78,2 cm, Höhe 52,5 cm, Tiefe 44,5 cm, Schublade, , Weiss hochglanz
;
;2110 316.105.000;1;Doppelwaschtisch Alterna dinea, mit 2 Armaturenlöcher, 120 x 46 cm, mit Überlauf, , Weiss Cleaneffekt
;
;2236 440.713.000;1;Waschtischmöbel Alterna zero S, Breite 121,4 cm, Höhe 55 cm, Tiefe 48 cm, 2 Schubladen, , Weiss hochglanz
;
;2110 407.379.000;1;Waschtischmöbel Alterna dinea S, Breite 98,4 cm, Höhe 55 cm, Tiefe 45,1 cm, 2 Schubladen, , Premium weiss
;
;2112 014.379.000;1;Waschtischmöbel Alterna pro S, Breite 116,4 cm, Höhe 41,3 cm, Tiefe 44,3 cm, 2 Schubladen, , Premium weiss
;
;2112 020.379.000;1;Waschtischmöbel Alterna pro S, Breite 81,4 cm, Höhe 56,3 cm, Tiefe 44,3 cm, 2 Schubladen, , Premium weiss
;
;2110 301.105.000;1;Wandbecken Alterna dinea, ohne Armaturenloch, 45 x 35 cm, mit Überlauf, Befestigungsmaterial, Weiss Cleaneffekt
;
;2112 038.379.000;1;Waschtischmöbel Alterna pro S, Breite 101,3 cm, Höhe 41,3 cm, Tiefe 44,3 cm, 1 Schublade, Griff , Premium weiss
;
;2110 502.713.000;1;Waschtischmöbel Alterna meda S, Breite 43,4 cm, Höhe 41 cm, Tiefe 33,4 cm, 1 Türe, Griffleiste, für, Weiss hochglanz
;
;2236 434.713.000;1;Waschtischmöbel Alterna zero S, Breite 71,4 cm, Höhe 55 cm, Tiefe 48 cm, 2 Schubladen, , Weiss hochglanz
;
;2116 495.379.000;1;Hochschrank Alterna universale S, Breite 34,9 cm, Höhe 165 cm, Tiefe 30,3 cm, 2 Türen, , Premium weiss
;
;2233 115.105.000;1;Waschtisch Alterna elena, Armaturenloch, 80 x 47 cm, mit Überlauf, Abstellfläche rechts, , Weiss Cleaneffekt
;
;2112 002.379.000;1;Waschtischmöbel Alterna pro S, Breite 44,5 cm, Höhe 56,3 cm, Tiefe 26,2 cm, 1 Türe, Griffleiste, , Premium weiss
;
;2110 402.379.000;1;Waschtischmöbel Alterna dinea S, Breite 48,4 cm, Höhe 55 cm, Tiefe 45,1 cm, 2 Schubladen, , Premium weiss
;
;2236 432.713.000;1;Waschtischmöbel Alterna zero S, Breite 56,4 cm, Höhe 55 cm, Tiefe 48 cm, 2 Schubladen, , Weiss hochglanz
;
;2116 424.713.000;1;Hochschrank Alterna universale slim, Breite 34,9 cm, Höhe 175 cm, Tiefe 30,4 cm, 2 Türen, , Weiss hochglanz
;
;2233 102.105.000;1;Wandbecken Alterna elena, ohne Armaturenloch, 40 x 32 cm, ohne Überlauf, Befestigungsmaterial, Weiss Cleaneffekt
;
;2110 195.379.000;1;Waschtischmöbel Alterna calea S, Breite 98,2 cm, Höhe 46 cm, Tiefe 44,5 cm, Schublade, Griffleiste,, Premium weiss
;
;2116 515.713.000;1;Waschtischmöbel Alterna cubito 3, Breite 126 cm, Höhe 48,6 cm, Tiefe 44,5 cm, 4 Schubladen, , Weiss hochglanz
;
;2116 809.105.000;1;Waschtisch Alterna modena, ohne Armaturenloch, 50 x 40 cm, mit Überlauf, Befestigungsmaterial, Weiss Cleaneffekt
;
;2112 345.713.000;1;Hochschrank Alterna totale, Breite 41 cm, Höhe 168 cm, Tiefe 30 cm, 2 Türen, Griffleisten, 4 , Weiss hochglanz
;
;2112 052.379.000;1;Hochschrank Alterna pro S, Breite 34,9 cm, Höhe 175 cm, Tiefe 30,4 cm, 1 Türe, Tip-on, umkehrbar, 4, Premium weiss
;
;2233 203.379.000;1;Waschtischmöbel Alterna elena S, Breite 75,7 cm, Höhe 45 cm, Tiefe 44,5 cm, 2 Schubladen, , Premium weiss
;
;2112 032.379.000;1;Waschtischmöbel Alterna pro S, Breite 56,4 cm, Höhe 56,3 cm, Tiefe 36,2 cm, 2 Türen, Griffe , Premium weiss
;
;2110 510.713.000;1;Waschtischmöbel Alterna meda S, Breite 78,4 cm, Höhe 56 cm, Tiefe 45,1 cm, 2 Schubladen, , Weiss hochglanz
;
;2110 188.379.000;1;Waschtischmöbel Alterna calea S, Breite 118,2 cm, Höhe 52,5 cm, Tiefe 44,5 cm, 3 Schubladen, , Premium weiss
;
;2211 502.379.000;1;Waschtischmöbel Alterna primo round S, Breite 30,6 cm, Höhe 47 cm, Tiefe 27,7 cm, 1 Türe, Griff , Premium weiss
;
;2233 211.379.000;1;Waschtischmöbel Alterna elena S, Breite 37,5 cm, Höhe 55 cm, Tiefe 30,4 cm, 1 Türe, Griffleiste, , Premium weiss
;
;2110 179.379.000;1;Waschtischmöbel Alterna calea S, Breite 118,2 cm, Höhe 52,5 cm, Tiefe 44,5 cm, Schublade, , Premium weiss
;
;2116 405.379.000;1;Waschtischmöbel Alterna modena S, Breite 76,4 cm, Höhe 55 cm, Tiefe 48 cm, 2 Schubladen, , Premium weiss
;
;2231 636.105.000;1;Auflegewaschtisch Alterna elena, 60 x 35 cm, Höhe 13 cm, ohne Überlauf, ohne Armaturenbank, Weiss Cleaneffekt
;
;2112 030.379.000;1;Waschtischmöbel Alterna pro S, Breite 51,4 cm, Höhe 56,3 cm, Tiefe 36,2 cm, 1 Türe, Griff , Premium weiss
;
;2112 046.379.000;1;Waschtischmöbel Alterna pro S, Breite 81,4 cm, Höhe 56,3 cm, Tiefe 44,3 cm, 2 Schubladen, Griffe , Premium weiss
;
;2116 822.105.000;1;Doppelwaschtisch Alterna modena, ohne Armaturenlöcher, 125 x 48 cm, mit Überlauf, , Weiss Cleaneffekt
;
;2233 141.105.000;1;Auflegewaschtisch Alterna elena, 50 x 47 cm, Armaturenloch, Höhe 12 cm, mit Überlauf, Unterteil , Weiss Cleaneffekt
;
;2110 501.713.000;1;Waschtischmöbel Alterna meda S, Breite 43,4 cm, Höhe 41 cm, Tiefe 22,1 cm, 1 Türe, Griffleiste, für, Weiss hochglanz
;
;2116 813.105.000;1;Waschtisch Alterna modena, ohne Armaturenloch, 60 x 45 cm, mit Überlauf, Befestigungsmaterial, Weiss Cleaneffekt
;
;2112 050.379.000;1;Waschtischmöbel Alterna pro S, Breite 116,4 cm, Höhe 56,3 cm, Tiefe 44,3 cm, 4 Schubladen, Griffe , Premium weiss
;
;2112 001.379.000;1;Waschtischmöbel Alterna pro S, Breite 41 cm, Höhe 56,3 cm, Tiefe 32,5 cm, 1 Türe, Griffleiste, für , Premium weiss
;
;2110 518.713.000;1;Waschtischmöbel Alterna meda S, Breite 128,4 cm, Höhe 56 cm, Tiefe 45,1 cm, 4 Schubladen, , Weiss hochglanz
;
;2110 174.379.000;1;Waschtischmöbel Alterna calea S, Breite 78,2 cm, Höhe 52,5 cm, Tiefe 44,5 cm, Schublade, , Premium weiss
;
;2110 503.713.000;1;Waschtischmöbel Alterna meda S, Breite 43,4 cm, Höhe 41 cm, Tiefe 33,4 cm, 1 Türe, Griffleiste, für, Weiss hochglanz
;
;2110 192.379.000;1;Waschtischmöbel Alterna calea S, Breite 78,2 cm, Höhe 46 cm, Tiefe 44,5 cm, Schublade, Griffleiste,, Premium weiss
;
;2231 604.105.000;1;Handwaschbecken Alterna elena, Armaturenloch, 50 x 25 cm, ohne Überlauf, Befestigungsmaterial, Weiss Cleaneffekt
;
;2231 607.105.000;1;Handwaschbecken Alterna elena, ohne Armaturenloch, 45 x 35 cm, ohne Überlauf, Befestigungsmaterial, Weiss Cleaneffekt
;
;2231 731.105.000;1;Auflegewaschtisch Alterna dinea, 60 x 40 cm, Höhe 8 cm, Befestigungsmaterial, mit Armaturenloch, , Weiss Cleaneffekt
;
;2110 184.379.000;1;Waschtischmöbel Alterna calea S, Breite 118,2 cm, Höhe 52,5 cm, Tiefe 44,5 cm, 3 Schubladen, , Premium weiss
;
;2110 517.713.000;1;Waschtischmöbel Alterna meda S, Breite 118,4 cm, Höhe 56 cm, Tiefe 45,1 cm, 2 Schubladen, , Weiss hochglanz
;
;2110 158.379.000;1;Waschtischmöbel Alterna calea S, Breite 118,2 cm, Höhe 52,5 cm, Tiefe 44,5 cm, 2 Schubladen, , Premium weiss
;
;2110 504.713.000;1;Waschtischmöbel Alterna meda S, Breite 53,4 cm, Höhe 56 cm, Tiefe 45,1 cm, 2 Schubladen, , Weiss hochglanz
;
;2233 209.379.000;1;Waschtischmöbel Alterna elena S, Breite 115,7 cm, Höhe 45 cm, Tiefe 44,5 cm, 4 Schubladen, , Premium weiss
;
;2231 907.379.000;1;Waschtischmöbel Alterna elena guest S, Breite 52,5 cm, Höhe 55 cm, Tiefe 33,4 cm, 1 Türe, , Premium weiss
;
;2233 122.105.000;1;Waschtisch Alterna elena, ohne Armaturenloch, 60 x 47 cm, mit Überlauf, Befestigungsmaterial, Weiss Cleaneffekt
;
;2116 946.105.000;1;Urinoir Alterna modena S-Tec, Ausführung für Urinoirdeckel, Wasserzulauf hinten, Abgang waagrecht, Weiss Cleaneffekt
;
;2233 145.105.000;1;Auflegewaschtisch Alterna elena, 100 x 47 cm, mit 2 Armaturenlöcher, Höhe 12 cm, mit Überlauf, , Weiss Cleaneffekt
;
;2116 125.379.000;1;Waschtischkombination Alterna progetto 46, Breite 122 cm, Tiefe 46 cm, Höhe 57 cm, mit 2 , Premium weiss
;
;2116 912.105.000;1;Doppelwaschtisch Alterna modena S, ohne Armaturenlöcher, 125 x 50 cm, mit Überlauf, , Weiss Cleaneffekt
;
;2231 905.379.000;1;Waschtischmöbel Alterna elena guest S, Breite 42,5 cm, Höhe 55 cm, Tiefe 33,4 cm, 1 Türe, , Premium weiss
;
;2116 502.713.000;1;Waschtischmöbel Alterna cubito 3, Breite 41 cm, Höhe 46 cm, Tiefe 32 cm, 1 Türe, Griffleiste, für , Weiss hochglanz
;
;2110 506.713.000;1;Waschtischmöbel Alterna meda S, Breite 58,4 cm, Höhe 56 cm, Tiefe 45,1 cm, 2 Schubladen, , Weiss hochglanz
;
;2116 915.105.000;1;Wand-Bidet Alterna modena S-Tec, 55, Befestigung verdeckt, Armaturenloch, mit Überlauf, , Weiss Cleaneffekt
;
;2110 168.379.000;1;Waschtischmöbel Alterna calea S, Breite 78,2 cm, Höhe 52,5 cm, Tiefe 44,5 cm, Schublade, , Premium weiss
;
;2112 042.379.000;1;Waschtischmöbel Alterna pro S, Breite 51,4 cm, Höhe 56,3 cm, Tiefe 44,3 cm, 2 Schubladen, Griffe , Premium weiss
;
;2110 182.379.000;1;Waschtischmöbel Alterna calea S, Breite 118,2 cm, Höhe 52,5 cm, Tiefe 44,5 cm, 2 Schubladen, , Premium weiss
;
;2236 433.713.000;1;Waschtischmöbel Alterna zero S, Breite 71,4 cm, Höhe 55 cm, Tiefe 48 cm, 2 Schubladen, , Weiss hochglanz
;
;2116 945.105.000;1;Urinoir Alterna modena S-Tec, Wasserzulauf hinten, Abgang waagrecht, Weiss Cleaneffekt
;
;2231 610.105.000;1;Waschtisch Alterna elena, Armaturenloch, 55 x 35 cm, ohne Überlauf, Befestigungsmaterial, Weiss Cleaneffekt
;
;2112 023.379.000;1;Waschtischmöbel Alterna pro S, Breite 116,4 cm, Höhe 56,3 cm, Tiefe 44,3 cm, 2 Schubladen, , Premium weiss
;
;2116 916.105.000;1;Wand-Bidet Alterna modena S-Tec, 50, Befestigung verdeckt, Armaturenloch, mit Überlauf, , Weiss Cleaneffekt
;
;2231 612.105.000;1;Waschtisch Alterna elena, ohne Armaturenloch, 55 x 35 cm, ohne Überlauf, Befestigungsmaterial, Weiss Cleaneffekt
;
;2116 401.379.000;1;Waschtischmöbel Alterna modena S, Breite 56,4 cm, Höhe 55 cm, Tiefe 48 cm, 2 Schubladen, , Premium weiss
;
;2112 028.379.000;1;Waschtischmöbel Alterna pro S, Breite 44,5 cm, Höhe 56,3 cm, Tiefe 26,2 cm, 1 Türe, Griff , Premium weiss
;
;2112 025.379.000;1;Waschtischmöbel Alterna pro S, Breite 126,4 cm, Höhe 56,3 cm, Tiefe 44,3 cm, 4 Schubladen, , Premium weiss
;
;2112 013.379.000;1;Waschtischmöbel Alterna pro S, Breite 116,4 cm, Höhe 41,3 cm, Tiefe 44,3 cm, 1 Schublade, , Premium weiss
;
;2231 906.379.000;1;Waschtischmöbel Alterna elena guest S, Breite 52,5 cm, Höhe 55 cm, Tiefe 33,4 cm, 1 Türe, , Premium weiss
;
;2231 908.379.000;1;Waschtischmöbel Alterna elena guest S, Breite 62,5 cm, Höhe 55 cm, Tiefe 33,4 cm, 2 Türen, , Premium weiss
;
;2116 411.379.000;1;Waschtischmöbel Alterna modena S, Breite 96,4 cm, Höhe 55 cm, Tiefe 48 cm, 2 Schubladen, , Premium weiss
;
;2233 212.379.000;1;Waschtischmöbel Alterna elena S, Breite 37,5 cm, Höhe 55 cm, Tiefe 30,4 cm, 1 Türe, Griffleiste, , Premium weiss
;
;2116 511.713.000;1;Waschtischmöbel Alterna cubito 3, Breite 51 cm, Höhe 48,6 cm, Tiefe 39 cm, 2 Schubladen, , Weiss hochglanz
;
;2233 204.379.000;1;Waschtischmöbel Alterna elena S, Breite 75,7 cm, Höhe 45 cm, Tiefe 44,5 cm, 2 Schubladen, , Premium weiss
;
;2112 031.379.000;1;Waschtischmöbel Alterna pro S, Breite 51,4 cm, Höhe 56,3 cm, Tiefe 36,2 cm, 1 Türe, Griff , Premium weiss
;
;2112 034.379.000;1;Waschtischmöbel Alterna pro S, Breite 56,4 cm, Höhe 41,3 cm, Tiefe 44,3 cm, 1 Schublade, Griff , Premium weiss
;
;2110 187.379.000;1;Waschtischmöbel Alterna calea S, Breite 118,2 cm, Höhe 52,5 cm, Tiefe 44,5 cm, 3 Schubladen, , Premium weiss
;
;2110 181.379.000;1;Waschtischmöbel Alterna calea S, Breite 118,2 cm, Höhe 52,5 cm, Tiefe 44,5 cm, 2 Schubladen, , Premium weiss
;
;2231 741.105.000;1;Auflegewaschtisch Alterna dinea, 60 x 38 cm, Höhe 8 cm, Befestigungsmaterial, ohne Armaturenbank, , Weiss Cleaneffekt
;
;2110 505.713.000;1;Waschtischmöbel Alterna meda S, Breite 58,4 cm, Höhe 56 cm, Tiefe 45,1 cm, 2 Schubladen, , Weiss hochglanz
;
;2116 911.105.000;1;Doppelwaschtisch Alterna modena S, mit 2 Armaturenlöcher, 125 x 50 cm, mit Überlauf, , Weiss Cleaneffekt
;
;2236 439.713.000;1;Waschtischmöbel Alterna zero S, Breite 121,4 cm, Höhe 55 cm, Tiefe 48 cm, 2 Schubladen, , Weiss hochglanz
;
;2233 207.379.000;1;Waschtischmöbel Alterna elena S, Breite 115,7 cm, Höhe 45 cm, Tiefe 44,5 cm, 2 Schubladen, , Premium weiss
;
;2110 304.105.000;1;Waschtisch Alterna dinea, Armaturenloch, 60 x 46 cm, mit Überlauf, Befestigungsmaterial, Weiss Cleaneffekt
;
;2116 122.379.000;1;Waschtischkombination Alterna progetto 46, Breite 82 cm, Tiefe 46 cm, Höhe 57 cm, Armaturenloch, , Premium weiss
;
;2233 147.105.000;1;Auflegewaschtisch Alterna elena, 60 x 47 cm, ohne Armaturenloch, Höhe 12 cm, mit Überlauf, , Weiss Cleaneffekt
;
;2110 508.713.000;1;Waschtischmöbel Alterna meda S, Breite 63,4 cm, Höhe 56 cm, Tiefe 45,1 cm, 2 Schubladen, , Weiss hochglanz
;
;2116 512.713.000;1;Waschtischmöbel Alterna cubito 3, Breite 56 cm, Höhe 48,6 cm, Tiefe 41 cm, 2 Schubladen, , Weiss hochglanz
;
;2233 123.105.000;1;Waschtisch Alterna elena, ohne Armaturenloch, 80 x 47 cm, mit Überlauf, Befestigungsmaterial, Weiss Cleaneffekt
;
;2110 193.379.000;1;Waschtischmöbel Alterna calea S, Breite 78,2 cm, Höhe 46 cm, Tiefe 44,5 cm, Schublade, Griffleiste,, Premium weiss
;
;2110 305.105.000;1;Waschtisch Alterna dinea, ohne Armaturenloch, 60 x 46 cm, mit Überlauf, Befestigungsmaterial, Weiss Cleaneffekt
;
;2233 128.105.000;1;Waschtisch Alterna elena, ohne Armaturenloch, 120 x 47 cm, mit Überlauf, Befestigungsmaterial, Weiss Cleaneffekt
;
;2112 346.713.000;1;Hochschrank Alterna totale, Breite 41 cm, Höhe 168 cm, Tiefe 30 cm, 2 Türen, Griffleisten, 4 , Weiss hochglanz
;
;2110 509.713.000;1;Waschtischmöbel Alterna meda S, Breite 78,4 cm, Höhe 56 cm, Tiefe 45,1 cm, 2 Schubladen, , Weiss hochglanz
;
;2110 312.105.000;1;Waschtisch Alterna dinea, Armaturenloch, 100 x 46 cm, mit Überlauf, Befestigungsmaterial, Weiss Cleaneffekt
;
;2112 019.379.000;1;Waschtischmöbel Alterna pro S, Breite 66,4 cm, Höhe 56,3 cm, Tiefe 44,3 cm, 2 Schubladen, , Premium weiss
;
;2211 504.379.000;1;Waschtischmöbel Alterna primo round S, Breite 43,5 cm, Höhe 47 cm, Tiefe 37,3 cm, 1 Türe, Griff , Premium weiss
;
;2233 117.105.000;1;Waschtisch Alterna elena, Armaturenloch, 100 x 47 cm, mit Überlauf, mit Abstellflächen, , Weiss Cleaneffekt
;
;2112 017.379.000;1;Waschtischmöbel Alterna pro S, Breite 56,4 cm, Höhe 56,3 cm, Tiefe 44,3 cm, 2 Schubladen, , Premium weiss
;
;2112 029.379.000;1;Waschtischmöbel Alterna pro S, Breite 44,5 cm, Höhe 56,3 cm, Tiefe 26,2 cm, 1 Türe, Griff , Premium weiss
;
;2116 811.105.000;1;Waschtisch Alterna modena, Armaturenloch, 60 x 45 cm, mit Überlauf, Befestigungsmaterial, Weiss Cleaneffekt
;
;2233 202.379.000;1;Waschtischmöbel Alterna elena S, Breite 55,7 cm, Höhe 45 cm, Tiefe 44,5 cm, 2 Schubladen, , Premium weiss
;
;2110 151.379.000;1;Waschtischmöbel Alterna calea S, Breite 43,8 cm, Höhe 50 cm, Tiefe 35 cm, 1 Türe Tip-on, für , Premium weiss
;
;2110 177.379.000;1;Waschtischmöbel Alterna calea S, Breite 98,2 cm, Höhe 52,5 cm, Tiefe 44,5 cm, Schublade, , Premium weiss
;
;2116 907.105.000;1;Waschtisch Alterna modena S, Armaturenloch, 100 x 50 cm, mit Überlauf, Befestigungsmaterial, Weiss Cleaneffekt
;
;2233 126.105.000;1;Waschtisch Alterna elena, ohne Armaturenloch, 100 x 47 cm, mit Überlauf, Befestigungsmaterial, Weiss Cleaneffekt
;
;2236 435.713.000;1;Waschtischmöbel Alterna zero S, Breite 71,4 cm, Höhe 55 cm, Tiefe 48 cm, 2 Schubladen, , Weiss hochglanz
;
;2110 172.379.000;1;Waschtischmöbel Alterna calea S, Breite 78,2 cm, Höhe 52,5 cm, Tiefe 44,5 cm, Schublade, , Premium weiss
;
;2110 500.713.000;1;Waschtischmöbel Alterna meda S, Breite 43,4 cm, Höhe 41 cm, Tiefe 22,1 cm, 1 Türe, Griffleiste, für, Weiss hochglanz
;
;2112 047.379.000;1;Waschtischmöbel Alterna pro S, Breite 101,3 cm, Höhe 56,3 cm, Tiefe 44,3 cm, 2 Schubladen, Griffe , Premium weiss
;
;2112 041.379.000;1;Waschtischmöbel Alterna pro S, Breite 126,4 cm, Höhe 41,3 cm, Tiefe 44,3 cm, 2 Schubladen, Griffe , Premium weiss
;
;2236 442.713.000;1;Waschtischmöbel Alterna zero S, Breite 146,4 cm, Höhe 55 cm, Tiefe 48 cm, 4 Schubladen, , Weiss hochglanz
;
;2110 408.379.000;1;Waschtischmöbel Alterna dinea S, Breite 118,4 cm, Höhe 55 cm, Tiefe 45,1 cm, 2 Schubladen, , Premium weiss
;
;2233 113.105.000;1;Waschtisch Alterna elena, Armaturenloch, 80 x 47 cm, mit Überlauf, Befestigungsmaterial, Weiss Cleaneffekt
;
;2233 144.105.000;1;Auflegewaschtisch Alterna elena, 100 x 47 cm, Armaturenloch, Höhe 12 cm, mit Überlauf, Unterteil , Weiss Cleaneffekt
;
;2110 190.379.000;1;Waschtischmöbel Alterna calea S, Breite 53,2 cm, Höhe 46 cm, Tiefe 44,5 cm, Schublade, Griffleiste,, Premium weiss
;
;2236 441.713.000;1;Waschtischmöbel Alterna zero S, Breite 121,4 cm, Höhe 55 cm, Tiefe 48 cm, 4 Schubladen, , Weiss hochglanz
;
;2110 173.379.000;1;Waschtischmöbel Alterna calea S, Breite 78,2 cm, Höhe 52,5 cm, Tiefe 44,5 cm, Schublade, , Premium weiss
;
;2112 004.379.000;1;Waschtischmöbel Alterna pro S, Breite 51,4 cm, Höhe 56,3 cm, Tiefe 36,2 cm, 1 Türe, Griffleiste, , Premium weiss
;
;2112 033.379.000;1;Waschtischmöbel Alterna pro S, Breite 51,4 cm, Höhe 41,3 cm, Tiefe 44,3 cm, 1 Schublade, Griff , Premium weiss
;
;2116 126.379.000;1;Waschtischkombination Alterna progetto 46, Breite 122 cm, Tiefe 46 cm, Höhe 57 cm, mit 2 , Premium weiss
;
;2231 904.379.000;1;Waschtischmöbel Alterna elena guest S, Breite 42,5 cm, Höhe 55 cm, Tiefe 33,4 cm, 1 Türe, , Premium weiss
;
;2112 010.379.000;1;Waschtischmöbel Alterna pro S, Breite 66,4 cm, Höhe 41,3 cm, Tiefe 44,3 cm, 1 Schublade, , Premium weiss
;
;2116 801.105.000;1;Wandbecken Alterna modena, Armaturenloch, 45 x 34 cm, mit Überlauf, Befestigungsmaterial, Weiss Cleaneffekt
;
;2233 121.105.000;1;Waschtisch Alterna elena, ohne Armaturenloch, 50 x 47 cm, mit Überlauf, Befestigungsmaterial, Weiss Cleaneffekt
;
;2110 167.379.000;1;Waschtischmöbel Alterna calea S, Breite 78,2 cm, Höhe 52,5 cm, Tiefe 44,5 cm, Schublade, , Premium weiss
;
;2112 036.379.000;1;Waschtischmöbel Alterna pro S, Breite 66,4 cm, Höhe 41,3 cm, Tiefe 44,3 cm, 1 Schublade, Griff , Premium weiss
;
;2112 049.379.000;1;Waschtischmöbel Alterna pro S, Breite 116,4 cm, Höhe 56,3 cm, Tiefe 44,3 cm, 2 Schubladen, Griffe , Premium weiss
;
;2236 431.713.000;1;Waschtischmöbel Alterna zero S, Breite 46,4 cm, Höhe 55 cm, Tiefe 48 cm, 2 Schubladen, , Weiss hochglanz
;
;2110 400.379.000;1;Waschtischmöbel Alterna dinea S, Breite 43,4 cm, Höhe 55 cm, Tiefe 34,2 cm, 1 Türe, Griffleiste, , Premium weiss
;
;2116 861.105.000;1;Wand-Bidet Alterna modena, Armaturenloch, sichtbare Befestigung, Weiss Cleaneffekt
;
;2231 635.105.000;1;Auflegewaschtisch Alterna elena, 45 x 35 cm, Höhe 13 cm, ohne Überlauf, ohne Armaturenbank, Weiss Cleaneffekt
;
;2110 512.713.000;1;Waschtischmöbel Alterna meda S, Breite 98,4 cm, Höhe 56 cm, Tiefe 45,1 cm, 2 Schubladen, , Weiss hochglanz
;
;2233 131.105.000;1;Waschtisch Alterna elena, mit 2 Armaturenlöcher, 100 x 47 cm, mit Überlauf, Befestigungsmaterial, Weiss Cleaneffekt
;
;2233 205.379.000;1;Waschtischmöbel Alterna elena S, Breite 75,7 cm, Höhe 45 cm, Tiefe 44,5 cm, 2 Schubladen, , Premium weiss
;
;2116 905.105.000;1;Waschtisch Alterna modena S, Armaturenloch, 80 x 50 cm, mit Überlauf, Befestigungsmaterial, Weiss Cleaneffekt
;
;2112 037.379.000;1;Waschtischmöbel Alterna pro S, Breite 81,4 cm, Höhe 41,3 cm, Tiefe 44,3 cm, 1 Schublade, Griff , Premium weiss
;
;2110 308.105.000;1;Waschtisch Alterna dinea, Armaturenloch, 80 x 46 cm, mit Überlauf, Abstellfläche links, , Weiss Cleaneffekt
;
;2110 307.105.000;1;Waschtisch Alterna dinea, ohne Armaturenloch, 80 x 46 cm, mit Überlauf, Befestigungsmaterial, Weiss Cleaneffekt
;
;2211 505.379.000;1;Waschtischmöbel Alterna primo round S, Breite 48,3 cm, Höhe 47 cm, Tiefe 36 cm, 1 Türe, Griff , Premium weiss
;
;2112 051.379.000;1;Waschtischmöbel Alterna pro S, Breite 126,4 cm, Höhe 56,3 cm, Tiefe 44,3 cm, 4 Schubladen, Griffe , Premium weiss
;
;2231 630.105.000;1;Waschtisch Alterna elena, ohne Armaturenloch, 65 x 35 cm, ohne Überlauf, Befestigungsmaterial, Weiss Cleaneffekt
;
;2112 011.379.000;1;Waschtischmöbel Alterna pro S, Breite 81,4 cm, Höhe 41,3 cm, Tiefe 44,3 cm, 1 Schublade, , Premium weiss
;
;2112 045.379.000;1;Waschtischmöbel Alterna pro S, Breite 66,4 cm, Höhe 56,3 cm, Tiefe 44,3 cm, 2 Schubladen, Griffe , Premium weiss
;
;2110 166.379.000;1;Waschtischmöbel Alterna calea S, Breite 78,2 cm, Höhe 52,5 cm, Tiefe 44,5 cm, Schublade, , Premium weiss
;
;2116 803.105.000;1;Wandbecken Alterna modena, ohne Armaturenloch, 45 x 34 cm, mit Überlauf, Befestigungsmaterial, Weiss Cleaneffekt
;
;2112 040.379.000;1;Waschtischmöbel Alterna pro S, Breite 116,4 cm, Höhe 41,3 cm, Tiefe 44,3 cm, 2 Schubladen, Griffe , Premium weiss
;
;2211 506.379.000;1;Waschtischmöbel Alterna primo round S, Breite 48,3 cm, Höhe 47 cm, Tiefe 36 cm, 1 Türe, Griff , Premium weiss
;
;2112 016.379.000;1;Waschtischmöbel Alterna pro S, Breite 51,4 cm, Höhe 56,3 cm, Tiefe 44,3 cm, 2 Schubladen, , Premium weiss
;
;2110 313.105.000;1;Waschtisch Alterna dinea, ohne Armaturenloch, 100 x 46 cm, mit Überlauf, Befestigungsmaterial, Weiss Cleaneffekt
;
;2110 183.379.000;1;Waschtischmöbel Alterna calea S, Breite 118,2 cm, Höhe 52,5 cm, Tiefe 44,5 cm, 2 Schubladen, , Premium weiss
;
;2231 752.105.000;1;Auflegewaschtisch Alterna dinea, 60 x 40 cm, Höhe 14 cm, ohne Überlauf, ohne Armaturenbank, Weiss Cleaneffekt
;
;2110 197.379.000;1;Waschtischmöbel Alterna calea S, Breite 118,2 cm, Höhe 46 cm, Tiefe 44,5 cm, 2 Schubladen, , Premium weiss
;
;2112 035.379.000;1;Waschtischmöbel Alterna pro S, Breite 61,4 cm, Höhe 41,3 cm, Tiefe 44,3 cm, 1 Schublade, Griff , Premium weiss
;
;2231 605.105.000;1;Handwaschbecken Alterna elena, ohne Armaturenloch, 50 x 25 cm, ohne Überlauf, Befestigungsmaterial, Weiss Cleaneffekt
;
;2116 514.713.000;1;Waschtischmöbel Alterna cubito 3, Breite 81 cm, Höhe 48,6 cm, Tiefe 44,5 cm, 2 Schubladen, , Weiss hochglanz
;
;2116 850.105.000;1;Wand-Klosett Alterna modena rimless, 54,5, newflush, Befestigung sichtbar, für Einbauspülkasten, Weiss Cleaneffekt
;
;2112 043.379.000;1;Waschtischmöbel Alterna pro S, Breite 56,4 cm, Höhe 56,3 cm, Tiefe 44,3 cm, 2 Schubladen, Griffe , Premium weiss
;
;2110 306.105.000;1;Waschtisch Alterna dinea, Armaturenloch, 80 x 46 cm, mit Überlauf, Befestigungsmaterial, Weiss Cleaneffekt
;
;2110 309.105.000;1;Waschtisch Alterna dinea, ohne Armaturenloch, 80 x 46 cm, mit Überlauf, Abstellfläche links, , Weiss Cleaneffekt
;
;2116 903.105.000;1;Waschtisch Alterna modena S, Armaturenloch, 60 x 50 cm, mit Überlauf, Befestigungsmaterial, Weiss Cleaneffekt
;
;2110 171.379.000;1;Waschtischmöbel Alterna calea S, Breite 78,2 cm, Höhe 52,5 cm, Tiefe 44,5 cm, Schublade, , Premium weiss
;
;2110 176.379.000;1;Waschtischmöbel Alterna calea S, Breite 98,2 cm, Höhe 52,5 cm, Tiefe 44,5 cm, Schublade, , Premium weiss
;
;2211 503.379.000;1;Waschtischmöbel Alterna primo round S, Breite 43,5 cm, Höhe 47 cm, Tiefe 37,3 cm, 1 Türe, Griff , Premium weiss
;
;2112 021.379.000;1;Waschtischmöbel Alterna pro S, Breite 101,3 cm, Höhe 56,3 cm, Tiefe 44,3 cm, 2 Schubladen, , Premium weiss
;
;2112 048.379.000;1;Waschtischmöbel Alterna pro S, Breite 116,4 cm, Höhe 56,3 cm, Tiefe 44,3 cm, 2 Schubladen, Griffe , Premium weiss
;
;2211 501.379.000;1;Waschtischmöbel Alterna primo round S, Breite 30,6 cm, Höhe 47 cm, Tiefe 27,7 cm, 1 Türe, Griff , Premium weiss
;
;2233 118.105.000;1;Waschtisch Alterna elena, Armaturenloch, 120 x 47 cm, mit Überlauf, Befestigungsmaterial, Weiss Cleaneffekt
;
;2110 156.379.000;1;Waschtischmöbel Alterna calea S, Breite 78,2 cm, Höhe 52,5 cm, Tiefe 44,5 cm, 2 Schubladen, , Premium weiss
;
;2112 005.379.000;1;Waschtischmöbel Alterna pro S, Breite 51,4 cm, Höhe 56,3 cm, Tiefe 36,2 cm, 1 Türe, Griffleiste, , Premium weiss
;
;2236 436.713.000;1;Waschtischmöbel Alterna zero S, Breite 96,4 cm, Höhe 55 cm, Tiefe 48 cm, 2 Schubladen, , Weiss hochglanz
;
;2116 121.379.000;1;Waschtischkombination Alterna progetto 46, Breite 62 cm, Tiefe 46 cm, Höhe 57 cm, Armaturenloch, , Premium weiss
;
;2116 901.105.000;1;Wand-Klosett Alterna modena S-Tec rimless, 50, silentech, Befestigung verdeckt, für , Weiss Cleaneffekt
;
;2233 124.105.000;1;Waschtisch Alterna elena, ohne Armaturenloch, 80 x 47 cm, mit Überlauf, Abstellfläche links, , Weiss Cleaneffekt
;
;2116 501.713.000;1;Waschtischmöbel Alterna cubito 3, Breite 41 cm, Höhe 46 cm, Tiefe 32 cm, 1 Türe, Griffleiste, für , Weiss hochglanz
;
;2110 507.713.000;1;Waschtischmöbel Alterna meda S, Breite 58,4 cm, Höhe 56 cm, Tiefe 45,1 cm, 2 Schubladen, , Weiss hochglanz
;
;2236 437.713.000;1;Waschtischmöbel Alterna zero S, Breite 96,4 cm, Höhe 55 cm, Tiefe 48 cm, 2 Schubladen, , Weiss hochglanz
;
;2110 410.379.000;1;Waschtischmöbel Alterna dinea S, Breite 118,4 cm, Höhe 55 cm, Tiefe 45,1 cm, 4 Schubladen, , Premium weiss
;
;2233 142.105.000;1;Auflegewaschtisch Alterna elena, 60 x 47 cm, Armaturenloch, Höhe 12 cm, mit Überlauf, Unterteil , Weiss Cleaneffekt
;
;2110 300.105.000;1;Wandbecken Alterna dinea, Armaturenloch, 45 x 35 cm, mit Überlauf, Befestigungsmaterial, Weiss Cleaneffekt
;
;2233 208.379.000;1;Waschtischmöbel Alterna elena S, Breite 115,7 cm, Höhe 45 cm, Tiefe 44,5 cm, 2 Schubladen, , Premium weiss
;
;2110 404.379.000;1;Waschtischmöbel Alterna dinea S, Breite 78,4 cm, Höhe 55 cm, Tiefe 45,1 cm, 2 Schubladen, , Premium weiss
;
;2110 163.379.000;1;Waschtischmöbel Alterna calea S, Breite 58,2 cm, Höhe 52,5 cm, Tiefe 44,5 cm, Schublade, , Premium weiss
;
;2231 900.379.000;1;Waschtischmöbel Alterna elena guest S, Breite 38,3 cm, Höhe 55 cm, Tiefe 22,1 cm, 1 Türe, , Premium weiss
;
;2110 406.379.000;1;Waschtischmöbel Alterna dinea S, Breite 78,4 cm, Höhe 55 cm, Tiefe 45,1 cm, 2 Schubladen, , Premium weiss
;
;2231 620.105.000;1;Waschtisch Alterna elena, Armaturenloch, 65 x 35 cm, ohne Überlauf, Befestigungsmaterial, Weiss Cleaneffekt
;
;2112 044.379.000;1;Waschtischmöbel Alterna pro S, Breite 61,4 cm, Höhe 56,3 cm, Tiefe 44,3 cm, 2 Schubladen, Griffe , Premium weiss
;
;2110 155.379.000;1;Waschtischmöbel Alterna calea S, Breite 78,2 cm, Höhe 52,5 cm, Tiefe 44,5 cm, 2 Schubladen, , Premium weiss
;
;2110 516.713.000;1;Waschtischmöbel Alterna meda S, Breite 118,4 cm, Höhe 56 cm, Tiefe 45,1 cm, 2 Schubladen, , Weiss hochglanz
;
;2110 314.105.000;1;Waschtisch Alterna dinea, Armaturenloch, 120 x 46 cm, mit Überlauf, Befestigungsmaterial, Weiss Cleaneffekt
;
;2116 124.379.000;1;Waschtischkombination Alterna progetto 46, Breite 122 cm, Tiefe 46 cm, Höhe 57 cm, Armaturenloch, , Premium weiss
;
;2116 423.713.000;1;Hochschrank Alterna universale slim, Breite 34,9 cm, Höhe 175 cm, Tiefe 30,4 cm, 2 Türen, , Weiss hochglanz
;
;2233 112.105.000;1;Waschtisch Alterna elena, Armaturenloch, 60 x 47 cm, mit Überlauf, Befestigungsmaterial, Weiss Cleaneffekt
;
;2110 401.379.000;1;Waschtischmöbel Alterna dinea S, Breite 43,4 cm, Höhe 55 cm, Tiefe 34,2 cm, 1 Türe, Griffleiste, , Premium weiss
;
;2110 169.379.000;1;Waschtischmöbel Alterna calea S, Breite 78,2 cm, Höhe 52,5 cm, Tiefe 44,5 cm, Schublade, , Premium weiss
;
;2110 150.379.000;1;Waschtischmöbel Alterna calea S, Breite 43,8 cm, Höhe 50 cm, Tiefe 35 cm, 1 Türe Tip-on, für , Premium weiss
;
;2110 514.713.000;1;Waschtischmöbel Alterna meda S, Breite 98,4 cm, Höhe 56 cm, Tiefe 45,1 cm, 2 Schubladen, , Weiss hochglanz
;
;2231 901.379.000;1;Waschtischmöbel Alterna elena guest S, Breite 38,3 cm, Höhe 55 cm, Tiefe 22,1 cm, 1 Türe, , Premium weiss
;
;2233 149.105.000;1;Auflegewaschtisch Alterna elena, 100 x 47 cm, ohne Armaturenloch, Höhe 12 cm, mit Überlauf, , Weiss Cleaneffekt
;
;2110 515.713.000;1;Waschtischmöbel Alterna meda S, Breite 118,4 cm, Höhe 56 cm, Tiefe 45,1 cm, 2 Schubladen, , Weiss hochglanz
;
;2116 123.379.000;1;Waschtischkombination Alterna progetto 46, Breite 102 cm, Tiefe 46 cm, Höhe 57 cm, Armaturenloch, , Premium weiss
;
;2110 311.105.000;1;Waschtisch Alterna dinea, ohne Armaturenloch, 80 x 46 cm, mit Überlauf, Abstellfläche rechts, , Weiss Cleaneffekt
;
;2233 129.105.000;1;Doppelwaschtisch Alterna elena, ohne Armaturenlöcher, 120 x 47 cm, mit Überlauf, , Weiss Cleaneffekt
;
;2110 191.379.000;1;Waschtischmöbel Alterna calea S, Breite 58,2 cm, Höhe 46 cm, Tiefe 44,5 cm, Schublade, Griffleiste,, Premium weiss
;
;2112 000.379.000;1;Waschtischmöbel Alterna pro S, Breite 41 cm, Höhe 56,3 cm, Tiefe 32,5 cm, 1 Türe, Griffleiste, für , Premium weiss
;
;2233 127.105.000;1;Waschtisch Alterna elena, ohne Armaturenloch, 100 x 47 cm, mit Überlauf, mit Abstellflächen, , Weiss Cleaneffekt
;
;2233 148.105.000;1;Auflegewaschtisch Alterna elena, 80 x 47 cm, ohne Armaturenloch, Höhe 12 cm, mit Überlauf, , Weiss Cleaneffekt
;
;2231 601.105.000;1;Handwaschbecken Alterna elena, Armaturenloch, 40 x 23 cm, ohne Überlauf, Befestigungsmaterial, Weiss Cleaneffekt
;
;2231 903.379.000;1;Waschtischmöbel Alterna elena guest S, Breite 48,3 cm, Höhe 55 cm, Tiefe 24,1 cm, 1 Türe, , Premium weiss
;
;2110 194.379.000;1;Waschtischmöbel Alterna calea S, Breite 78,2 cm, Höhe 46 cm, Tiefe 44,5 cm, Schublade, Griffleiste,, Premium weiss
;
;2233 132.105.000;1;Waschtisch Alterna elena, mit 2 Armaturenlöcher, 120 x 47 cm, mit Überlauf, Befestigungsmaterial, Weiss Cleaneffekt
;
;2112 022.379.000;1;Waschtischmöbel Alterna pro S, Breite 116,4 cm, Höhe 56,3 cm, Tiefe 44,3 cm, 2 Schubladen, , Premium weiss
;
;2112 008.379.000;1;Waschtischmöbel Alterna pro S, Breite 56,4 cm, Höhe 41,3 cm, Tiefe 44,3 cm, 1 Schublade, , Premium weiss
;
;2110 310.105.000;1;Waschtisch Alterna dinea, Armaturenloch, 80 x 46 cm, mit Überlauf, Abstellfläche rechts, , Weiss Cleaneffekt
;
;2110 160.379.000;1;Waschtischmöbel Alterna calea S, Breite 53,2 cm, Höhe 52,5 cm, Tiefe 44,5 cm, Schublade, , Premium weiss
;
;2116 904.105.000;1;Waschtisch Alterna modena S, ohne Armaturenloch, 60 x 50 cm, mit Überlauf, Befestigungsmaterial, Weiss Cleaneffekt
;
;2116 906.105.000;1;Waschtisch Alterna modena S, ohne Armaturenloch, 80 x 50 cm, mit Überlauf, Befestigungsmaterial, Weiss Cleaneffekt
;
;2110 189.379.000;1;Waschtischmöbel Alterna calea S, Breite 118,2 cm, Höhe 52,5 cm, Tiefe 44,5 cm, 3 Schubladen, , Premium weiss
;
;2110 405.379.000;1;Waschtischmöbel Alterna dinea S, Breite 78,4 cm, Höhe 55 cm, Tiefe 45,1 cm, 2 Schubladen, , Premium weiss
;
;2231 606.105.000;1;Handwaschbecken Alterna elena, Armaturenloch, 45 x 35 cm, ohne Überlauf, Befestigungsmaterial, Weiss Cleaneffekt
;
;2110 159.713.000;1;Waschtischmöbel Alterna calea S, Breite 118,2 cm, Höhe 52,5 cm, Tiefe 44,5 cm, 4 Schubladen, , Weiss hochglanz
;
;2110 428.949.000;1;Waschtischmöbel Alterna dinea plus, Breite 78,4 cm, Höhe 55 cm, Tiefe 45,1 cm, 2 Schubladen, , Eiche naturale
;
;2110 413.949.000;1;Waschtischmöbel Alterna dinea plus, Breite 43,4 cm, Höhe 55 cm, Tiefe 34,2 cm, 1 Türe, Band rechts,, Eiche naturale
;
;2110 241.991.000;1;Waschtischmöbel Alterna calea plus, Breite 116,6 cm, Höhe 52,5 cm, Tiefe 45 cm, 4 Schubladen, , Eiche weiss
;
;2110 419.949.000;1;Waschtischmöbel Alterna dinea plus, Breite 48,4 cm, Höhe 55 cm, Tiefe 45,1 cm, 2 Schubladen, , Eiche naturale
;
;2234 044.500.000;1;Waschtischmöbel Alterna elena plus, Furniert, Breite 78,4 cm, Höhe 41 cm, Tiefe 47,2 cm, 1 , Eiche thermisch behandelt
;
;2110 220.991.000;1;Waschtischmöbel Alterna calea plus, Breite 116,6 cm, Höhe 35 cm, Tiefe 45 cm, 2 Schubladen, , Eiche weiss
;
;2231 782.991.000;1;Waschtischmöbel Alterna green plus, Breite 58,4 cm, Höhe 55 cm, Tiefe 45,4 cm, 2 Schubladen, , Eiche weiss
;
;2110 214.991.000;1;Waschtischmöbel Alterna calea plus, Breite 76,6 cm, Höhe 35 cm, Tiefe 44,8 cm, 1 Schublade, , Eiche weiss
;
;2110 202.991.000;1;Waschtischmöbel Alterna calea plus, Breite 42 cm, Höhe 52,5 cm, Tiefe 35,2 cm, 1 Türe, Band links, , Eiche weiss
;
;2236 613.949.000;1;Waschtischmöbel Alterna zero plus, Breite 71,6 cm, Höhe 35 cm, Tiefe 48,2 cm, 2 Schubladen, , Eiche naturale
;
;2236 542.949.000;1;Waschtischmöbel Alterna zero plus, Breite 96,6 cm, Höhe 52,5 cm, Tiefe 48,2 cm, 2 Schubladen, , Eiche naturale
;
;2236 646.949.000;1;Waschtischmöbel Alterna zero plus, Breite 121,6 cm, Höhe 35 cm, Tiefe 48,2 cm, 2 Schubladen, , Eiche naturale
;
;2236 527.949.000;1;Waschtischmöbel Alterna zero plus, Breite 46,6 cm, Höhe 52,5 cm, Tiefe 48,2 cm, 2 Schubladen, , Eiche naturale
;
;2236 548.949.000;1;Waschtischmöbel Alterna zero plus, Breite 121,6 cm, Höhe 52,5 cm, Tiefe 48,2 cm, 4 Schubladen, , Eiche naturale
;
;2110 217.991.000;1;Waschtischmöbel Alterna calea plus, Breite 96,6 cm, Höhe 35 cm, Tiefe 44,8 cm, 1 Schublade, , Eiche weiss
;
;2110 205.991.000;1;Waschtischmöbel Alterna calea plus, Breite 42 cm, Höhe 52,5 cm, Tiefe 35,2 cm, 1 Türe, Band rechts,, Eiche weiss
;
;2234 059.500.000;1;Hochschrank Alterna elena plus, Furniert, Breite 34,9 cm, Höhe 165 cm, Tiefe 31,7 cm, 1 Türe, Band , Eiche thermisch behandelt
;
;2110 434.949.000;1;Waschtischmöbel Alterna dinea plus, Breite 98,4 cm, Höhe 55 cm, Tiefe 45,1 cm, 2 Schubladen, , Eiche naturale
;
;2236 533.949.000;1;Waschtischmöbel Alterna zero plus, Breite 71,6 cm, Höhe 52,5 cm, Tiefe 48,2 cm, 2 Schubladen, , Eiche naturale
;
;2236 609.949.000;1;Waschtischmöbel Alterna zero plus, Breite 71,6 cm, Höhe 35 cm, Tiefe 48,2 cm, 1 Schublade, , Eiche naturale
;
;2234 023.500.000;1;Waschtischmöbel Alterna elena plus, Furniert, Breite 118,4 cm, Höhe 41 cm, Tiefe 47,2 cm, 1 , Eiche thermisch behandelt
;
;2234 041.500.000;1;Waschtischmöbel Alterna elena plus, Furniert, Breite 78,4 cm, Höhe 41 cm, Tiefe 47,2 cm, 1 , Eiche thermisch behandelt
;
;2231 927.991.000;1;Waschtischmöbel Alterna elena guest plus, Breite 42,5 cm, Höhe 55 cm, Tiefe 33,4 cm, 1 Türe, Band , Eiche weiss
;
;2231 921.991.000;1;Waschtischmöbel Alterna elena guest plus, Breite 48,3 cm, Höhe 55 cm, Tiefe 24,1 cm, 1 Türe, Band , Eiche weiss
;
;2112 098.535.000;1;Möbelgriff Alterna pro S, Breite 20 cm, für Möbel bis Breite 81,4 cm, Schwarz matt
;
;2234 035.500.000;1;Waschtischmöbel Alterna elena plus, Furniert, Breite 58,4 cm, Höhe 41 cm, Tiefe 47,2 cm, 1 , Eiche thermisch behandelt
;
;2236 536.949.000;1;Waschtischmöbel Alterna zero plus, Breite 71,6 cm, Höhe 52,5 cm, Tiefe 48,2 cm, 2 Schubladen, , Eiche naturale
;
;2231 912.991.000;1;Waschtischmöbel Alterna elena guest plus, Breite 38,3 cm, Höhe 55 cm, Tiefe 22,1 cm, 1 Türe, Band , Eiche weiss
;
;2236 289.949.000;1;Hochschrank Alterna universale plus, Breite 35,2 cm, Höhe 165 cm, Tiefe 30,2 cm, 2 Türen, , Eiche naturale
;
;2234 026.500.000;1;Waschtischmöbel Alterna elena plus, Furniert, Breite 118,4 cm, Höhe 41 cm, Tiefe 47,2 cm, 2 , Eiche thermisch behandelt
;
;2234 008.500.000;1;Waschtischmöbel Alterna elena plus, Furniert, Breite 78,4 cm, Höhe 41 cm, Tiefe 47,2 cm, 1 , Eiche thermisch behandelt
;
;2234 032.500.000;1;Waschtischmöbel Alterna elena plus, Furniert, Breite 48,4 cm, Höhe 41 cm, Tiefe 47,2 cm, 1 , Eiche thermisch behandelt
;
;2236 606.949.000;1;Waschtischmöbel Alterna zero plus, Breite 56,6 cm, Höhe 35 cm, Tiefe 48,2 cm, 1 Schublade, , Eiche naturale
;
;2231 933.991.000;1;Waschtischmöbel Alterna elena guest plus, Breite 52,5 cm, Höhe 55 cm, Tiefe 33,4 cm, 1 Türe, Band , Eiche weiss
;
;2236 292.949.000;1;Hochschrank Alterna universale plus, Breite 35,2 cm, Höhe 165 cm, Tiefe 30,2 cm, 2 Türen, , Eiche naturale
;
;2231 936.991.000;1;Waschtischmöbel Alterna elena guest plus, Breite 62,5 cm, Höhe 55 cm, Tiefe 33,4 cm, 2 Türen, , Eiche weiss
;
;2231 930.991.000;1;Waschtischmöbel Alterna elena guest plus, Breite 52,5 cm, Höhe 55 cm, Tiefe 33,4 cm, 1 Türe, Band , Eiche weiss
;
;2234 047.500.000;1;Waschtischmöbel Alterna elena plus, Furniert, Breite 98,4 cm, Höhe 41 cm, Tiefe 47,2 cm, 1 , Eiche thermisch behandelt
;
;2231 785.991.000;1;Waschtischmöbel Alterna green plus, Breite 78,4 cm, Höhe 55 cm, Tiefe 45,4 cm, 2 Schubladen, , Eiche weiss
;
;2236 629.949.000;1;Waschtischmöbel Alterna zero plus, Breite 96,6 cm, Höhe 35 cm, Tiefe 48,2 cm, 2 Schubladen, , Eiche naturale
;
;2110 422.949.000;1;Waschtischmöbel Alterna dinea plus, Breite 58,4 cm, Höhe 55 cm, Tiefe 45,1 cm, 2 Schubladen, , Eiche naturale
;
;2110 235.991.000;1;Waschtischmöbel Alterna calea plus, Breite 76,6 cm, Höhe 52,5 cm, Tiefe 44,8 cm, 2 Schubladen, , Eiche weiss
;
;2110 232.991.000;1;Waschtischmöbel Alterna calea plus, Breite 76,6 cm, Höhe 52,5 cm, Tiefe 44,8 cm, 2 Schubladen, , Eiche weiss
;
;2110 437.949.000;1;Waschtischmöbel Alterna dinea plus, Breite 118,4 cm, Höhe 55 cm, Tiefe 45,1 cm, 2 Schubladen, , Eiche naturale
;
;2236 633.949.000;1;Waschtischmöbel Alterna zero plus, Breite 96,6 cm, Höhe 35 cm, Tiefe 48,2 cm, 2 Schubladen, , Eiche naturale
;
;2236 626.949.000;1;Waschtischmöbel Alterna zero plus, Breite 96,6 cm, Höhe 35 cm, Tiefe 48,2 cm, 1 Schublade, , Eiche naturale
;
;2236 603.949.000;1;Waschtischmöbel Alterna zero plus, Breite 46,6 cm, Höhe 35 cm, Tiefe 48,2 cm, 1 Schublade, , Eiche naturale
;
;2231 915.991.000;1;Waschtischmöbel Alterna elena guest plus, Breite 38,3 cm, Höhe 55 cm, Tiefe 22,1 cm, 1 Türe, Band , Eiche weiss
;
;2236 573.949.000;1;Waschtischmöbel Alterna zero plus, Breite 96,6 cm, Höhe 52,5 cm, Tiefe 48,2 cm, 2 Schubladen, , Eiche naturale
;
;2234 038.500.000;1;Waschtischmöbel Alterna elena plus, Furniert, Breite 78,4 cm, Höhe 41 cm, Tiefe 47,2 cm, 1 , Eiche thermisch behandelt
;
;2231 791.991.000;1;Hochschrank Alterna green plus, Breite 36,9 cm, Höhe 175 cm, Tiefe 30,4 cm, 1 Türe, Griffleiste, , Eiche weiss
;
;2236 576.949.000;1;Waschtischmöbel Alterna zero plus, Breite 96,6 cm, Höhe 52,5 cm, Tiefe 48,2 cm, 2 Schubladen, , Eiche naturale
;
;2110 416.949.000;1;Waschtischmöbel Alterna dinea plus, Breite 43,4 cm, Höhe 55 cm, Tiefe 34,2 cm, 1 Türe, Band links, , Eiche naturale
;
;2236 636.949.000;1;Waschtischmöbel Alterna zero plus, Breite 96,6 cm, Höhe 35 cm, Tiefe 48,2 cm, 3 Schubladen, , Eiche naturale
;
;2112 099.490.000;1;Möbelgriff Alterna pro S, Breite 30 cm, für Möbel ab Breite 101,3 cm, Edelstahloptik
;
;2236 619.949.000;1;Waschtischmöbel Alterna zero plus, Breite 71,6 cm, Höhe 35 cm, Tiefe 48,2 cm, 3 Schubladen, , Eiche naturale
;
;2236 530.949.000;1;Waschtischmöbel Alterna zero plus, Breite 56,6 cm, Höhe 52,5 cm, Tiefe 48,2 cm, 2 Schubladen, , Eiche naturale
;
;2110 431.949.000;1;Waschtischmöbel Alterna dinea plus, Breite 78,4 cm, Höhe 55 cm, Tiefe 45,1 cm, 2 Schubladen, , Eiche naturale
;
;2231 924.991.000;1;Waschtischmöbel Alterna elena guest plus, Breite 42,5 cm, Höhe 55 cm, Tiefe 33,4 cm, 1 Türe, Band , Eiche weiss
;
;2110 229.991.000;1;Waschtischmöbel Alterna calea plus, Breite 76,6 cm, Höhe 52,5 cm, Tiefe 44,8 cm, 2 Schubladen, , Eiche weiss
;
;2234 014.500.000;1;Waschtischmöbel Alterna elena plus, Furniert, Breite 78,4 cm, Höhe 41 cm, Tiefe 47,2 cm, 1 , Eiche thermisch behandelt
;
;2234 002.500.000;1;Waschtischmöbel Alterna elena plus, Furniert, Breite 48,4 cm, Höhe 41 cm, Tiefe 47,2 cm, 1 , Eiche thermisch behandelt
;
;2236 649.949.000;1;Waschtischmöbel Alterna zero plus, Breite 121,6 cm, Höhe 35 cm, Tiefe 48,2 cm, 3 Schubladen, , Eiche naturale
;
;2110 223.991.000;1;Waschtischmöbel Alterna calea plus, Breite 51,6 cm, Höhe 52,5 cm, Tiefe 44,8 cm, 2 Schubladen, , Eiche weiss
;
;2110 440.949.000;1;Waschtischmöbel Alterna dinea plus, Breite 118,4 cm, Höhe 55 cm, Tiefe 45,1 cm, 2 Schubladen, , Eiche naturale
;
;2236 545.949.000;1;Waschtischmöbel Alterna zero plus, Breite 121,6 cm, Höhe 52,5 cm, Tiefe 48,2 cm, 2 Schubladen, , Eiche naturale
;
;2234 029.500.000;1;Hochschrank Alterna elena plus, Furniert, Breite 34,9 cm, Höhe 165 cm, Tiefe 31,7 cm, 1 Türe, Band , Eiche thermisch behandelt
;
;2236 643.949.000;1;Waschtischmöbel Alterna zero plus, Breite 121,6 cm, Höhe 35 cm, Tiefe 48,2 cm, 1 Schublade, , Eiche naturale
;
;2234 050.500.000;1;Waschtischmöbel Alterna elena plus, Furniert, Breite 118,4 cm, Höhe 41 cm, Tiefe 47,2 cm, 1 , Eiche thermisch behandelt
;
;2234 011.500.000;1;Waschtischmöbel Alterna elena plus, Furniert, Breite 78,4 cm, Höhe 41 cm, Tiefe 47,2 cm, 1 , Eiche thermisch behandelt
;
;2234 017.500.000;1;Waschtischmöbel Alterna elena plus, Furniert, Breite 98,4 cm, Höhe 41 cm, Tiefe 47,2 cm, 1 , Eiche thermisch behandelt
;
;2236 616.949.000;1;Waschtischmöbel Alterna zero plus, Breite 71,6 cm, Höhe 35 cm, Tiefe 48,2 cm, 2 Schubladen, , Eiche naturale
;
;2110 211.991.000;1;Waschtischmöbel Alterna calea plus, Breite 56,6 cm, Höhe 35 cm, Tiefe 44,8 cm, 1 Schublade, , Eiche weiss
;
;2234 056.500.000;1;Waschtischmöbel Alterna elena plus, Furniert, Breite 118,4 cm, Höhe 41 cm, Tiefe 47,2 cm, 2 , Eiche thermisch behandelt
;
;2236 653.949.000;1;Waschtischmöbel Alterna zero plus, Breite 146,6 cm, Höhe 35 cm, Tiefe 48,2 cm, 1 Schublade, , Eiche naturale
;
;2236 582.949.000;1;Waschtischmöbel Alterna zero plus, Breite 146,6 cm, Höhe 52,5 cm, Tiefe 48,2 cm, 4 Schubladen, , Eiche naturale
;
;2110 208.991.000;1;Waschtischmöbel Alterna calea plus, Breite 51,6 cm, Höhe 35 cm, Tiefe 44,8 cm, 1 Schublade, , Eiche weiss
;
;2236 659.949.000;1;Waschtischmöbel Alterna zero plus, Breite 146,6 cm, Höhe 35 cm, Tiefe 48,2 cm, 3 Schubladen, , Eiche naturale
;
;2236 623.949.000;1;Waschtischmöbel Alterna zero plus, Breite 71,6 cm, Höhe 35 cm, Tiefe 48,2 cm, 3 Schubladen, , Eiche naturale
;
;2234 053.500.000;1;Waschtischmöbel Alterna elena plus, Furniert, Breite 118,4 cm, Höhe 41 cm, Tiefe 47,2 cm, 1 , Eiche thermisch behandelt
;
;2234 020.500.000;1;Waschtischmöbel Alterna elena plus, Furniert, Breite 118,4 cm, Höhe 41 cm, Tiefe 47,2 cm, 1 , Eiche thermisch behandelt
;
;2236 639.949.000;1;Waschtischmöbel Alterna zero plus, Breite 96,6 cm, Höhe 35 cm, Tiefe 48,2 cm, 3 Schubladen, , Eiche naturale
;
;2110 238.991.000;1;Waschtischmöbel Alterna calea plus, Breite 96,6 cm, Höhe 52,5 cm, Tiefe 44,8 cm, 2 Schubladen, , Eiche weiss
;
;2231 918.991.000;1;Waschtischmöbel Alterna elena guest plus, Breite 48,3 cm, Höhe 55 cm, Tiefe 24,1 cm, 1 Türe, Band , Eiche weiss
;
;2110 443.949.000;1;Waschtischmöbel Alterna dinea plus, Breite 118,4 cm, Höhe 55 cm, Tiefe 45,1 cm, 4 Schubladen, , Eiche naturale
;
;2110 425.949.000;1;Waschtischmöbel Alterna dinea plus, Breite 78,4 cm, Höhe 55 cm, Tiefe 45,1 cm, 2 Schubladen, , Eiche naturale
;
;2236 539.949.000;1;Waschtischmöbel Alterna zero plus, Breite 71,6 cm, Höhe 52,5 cm, Tiefe 48,2 cm, 2 Schubladen, , Eiche naturale
;
;2110 226.991.000;1;Waschtischmöbel Alterna calea plus, Breite 56,6 cm, Höhe 52,5 cm, Tiefe 44,8 cm, 2 Schubladen, , Eiche weiss
;
;2236 286.949.000;1;Seitenschrank Alterna universale plus, Breite 35,2 cm, Höhe 102 cm, Tiefe 30,2 cm, 1 Türe, , Eiche naturale
;
;2236 283.949.000;1;Seitenschrank Alterna universale plus, Breite 35,2 cm, Höhe 102 cm, Tiefe 30,2 cm, 1 Türe, , Eiche naturale
;
;2231 788.991.000;1;Waschtischmöbel Alterna green plus, Breite 98,4 cm, Höhe 55 cm, Tiefe 45,4 cm, 2 Schubladen, , Eiche weiss
;
;2234 005.500.000;1;Waschtischmöbel Alterna elena plus, Furniert, Breite 58,4 cm, Höhe 41 cm, Tiefe 47,2 cm, 1 , Eiche thermisch behandelt
;
;2236 656.949.000;1;Waschtischmöbel Alterna zero plus, Breite 146,6 cm, Höhe 35 cm, Tiefe 48,2 cm, 2 Schubladen, , Eiche naturale
;
